Source,Title,Text,Date,Cluster,Theme,Category,Sentiment
https://t.me/UkraineNow,"**–ö—ñ–ª—å–∫—ñ—Å—Ç—å –∑–∞–≥–∏–±–ª–∏—Ö —É –°—É–º–∞—Ö –∑—Ä–æ—Å–ª–∞ –¥–æ –¥–≤–æ—Ö **

–¢–∞–∫–æ–∂ –≤—ñ–¥–æ–º–æ –ø—Ä–æ –¥–µ–≤ º—è—Ç—å –ø–æ—Ç–µ—Ä–ø—ñ–ª–∏—Ö, –¥–≤–æ—î –∑ –Ω–∏—Ö —É –≤–∞",–∫—ñ–ª—å–∫—ñ—Å—Ç—å –∑–∞–≥–∏–±–ª–∏—Ö —Å—É–º–∞—Ö –∑—Ä–æ—Å–ª–∞ –¥–æ –¥–≤–æ—Ö —Ç–∞–∫–æ–∂ –≤—ñ–¥–æ–º–æ –ø—Ä–æ –¥–µ–≤—è—Ç—å –ø–æ—Ç–µ—Ä–ø—ñ–ª–∏—Ö –¥–≤–æ—î –Ω–∏—Ö –≤–∞–∂–∫–æ–º—É —Å—Ç–∞–Ω—ñ –ø–æ–≤—ñ–¥–æ–º–∏–ª–∏ —Å—É–º—Å—å–∫—ñ–π –º–≤–∞ –º–∏,2025-05-14,-1,-1_—É–∫—Ä–∞—ó–Ω–∞_—Å–∞–Ω–∫—Ü—ñ—è_—Ä–æ—Å—ñ—è–Ω–∏–Ω_—Ä–æ—Å—ñ—è,–ø–æ–ª—ñ—Ç–∏–∫–∞,negative
https://t.me/UkraineNow,**–ù–∞—Ä–æ–¥–Ω—ñ –¥–µ–ø—É—Ç–∞—Ç–∏ –∑–≤–µ—Ä–Ω—É–ª–∏—Å—è –¥–æ –ø—Ä–µ–∑–∏–¥–µ–Ω—Ç–∞ –∑ –ø—Ä–æ—Ö–∞–Ω–Ω—è–º –ø–æ—Å–º–µ—Ä—Ç–Ω–æ –ø—Ä–∏—Å–≤–æ—ó—Ç–∏ –∑–≤–∞–Ω–Ω—è –ì–µ—Ä–æ—è –£–∫—Ä–∞—ó–Ω–∏ –∂—É—Ä,–Ω–∞—Ä–æ–¥–Ω—ñ –¥–µ–ø—É—Ç–∞—Ç–∏ –∑–≤–µ—Ä–Ω—É–ª–∏—Å—è –¥–æ –ø—Ä–µ–∑–∏–¥–µ–Ω—Ç–∞ –ø—Ä–æ—Ö–∞–Ω–Ω—è–º –ø–æ—Å–º–µ—Ä—Ç–Ω–æ –ø—Ä–∏—Å–≤–æ—ó—Ç–∏ –∑–≤–∞–Ω–Ω—è –≥–µ—Ä–æ—è —É–∫—Ä–∞—ó–Ω–∏ –∂—É—Ä–Ω–∞–ª—ñ—Å—Ç—Ü—ñ –≤—ñ–∫—Ç–æ—Ä—ñ—ó —Ä–æ—â–∏–Ω—ñ–π –∑–∞ –ø—Ä–æ–≥–æ–ª–æ—Å—É–≤–∞–ª–∏ 246 –¥–µ–ø—É—Ç–∞—Ç—ñ–≤ –Ω–∞–≥–∞–¥–∞—î–º–æ –ø—Ä–æ —Å–º–µ—Ä—Ç—å –∂—É—Ä–Ω–∞–ª—ñ—Å—Ç–∫–∏ –≤—ñ–∫—Ç–æ—Ä—ñ—ó —Ä–æ—â–∏–Ω–æ—ó —Å—Ç–∞–ª–æ –≤—ñ–¥–æ–º–æ 10 –∂–æ–≤—Ç–Ω—è 2024 —Ä–æ–∫—É –≤–æ–Ω–∞ –ø–æ–º–µ—Ä–ª–∞ —Ä–æ—Å—ñ–π—Å—å–∫–æ–º—É –ø–æ–ª–æ–Ω—ñ –ø—ñ–¥ —á–∞—Å –µ—Ç–∞–ø—É–≤–∞–Ω–Ω—è —Ç–∞–≥–∞–Ω—Ä–æ–≥–∞ –¥–æ –º–æ—Å–∫–≤–∏ 24 –∫–≤—ñ—Ç–Ω—è –ø–æ–≤—ñ–¥–æ–º–∏–ª–∏ —â–æ –ø–æ–Ω—ñ–≤–µ—á–µ–Ω–µ —Ç—ñ–ª–æ –∂—É—Ä–Ω–∞–ª—ñ—Å—Ç–∫–∏ –≤—ñ–∫—Ç–æ—Ä—ñ—ó —Ä–æ—â–∏–Ω–æ—ó –ø–æ–≤–µ—Ä–Ω—É–ª–∏ –¥–æ —É–∫—Ä–∞—ó–Ω–∏ –º–∏,2025-05-14,-1,-1_—É–∫—Ä–∞—ó–Ω–∞_—Å–∞–Ω–∫—Ü—ñ—è_—Ä–æ—Å—ñ—è–Ω–∏–Ω_—Ä–æ—Å—ñ—è,–ø–æ–ª—ñ—Ç–∏–∫–∞,negative
https://t.me/UkraineNow,"**1 –ª—é–¥–∏–Ω–∞ –∑–∞–≥–∏–Ω—É–ª–∞, 7 ‚Äì –ø–æ—Ä–∞–Ω–µ–Ω—ñ –≤–Ω–∞—Å–ª—ñ–¥–æ–∫ —Ä–∞–∫–µ—Ç–Ω–æ–≥–æ —É–¥–∞—Ä—É —Ä–æ—Å—ñ—è–Ω –ø–æ –æ–± º—î–∫—Ç—É –ø—Ä–æ–º–∏—Å–ª–æ–≤–æ—Å—Ç—ñ —É –°—É–º—Å—å–∫",–ª—é–¥–∏–Ω–∞ –∑–∞–≥–∏–Ω—É–ª–∞ –ø–æ—Ä–∞–Ω–µ–Ω—ñ –≤–Ω–∞—Å–ª—ñ–¥–æ–∫ —Ä–∞–∫–µ—Ç–Ω–æ–≥–æ —É–¥–∞—Ä—É —Ä–æ—Å—ñ—è–Ω –ø–æ –æ–±—î–∫—Ç—É –ø—Ä–æ–º–∏—Å–ª–æ–≤–æ—Å—Ç—ñ —Å—É–º—Å—å–∫—ñ–π –≥—Ä–æ–º–∞–¥—ñ —Ç—Ä–æ—î –ø–æ—Ä–∞–Ω–µ–Ω–∏—Ö –≤–∫—Ä–∞–π –≤–∞–∂–∫–æ–º—É —Å—Ç–∞–Ω—ñ –æ–≤–∞ –º–∏,2025-05-14,-1,-1_—É–∫—Ä–∞—ó–Ω–∞_—Å–∞–Ω–∫—Ü—ñ—è_—Ä–æ—Å—ñ—è–Ω–∏–Ω_—Ä–æ—Å—ñ—è,–ø–æ–ª—ñ—Ç–∏–∫–∞,negative
https://t.me/UkraineNow,**–í–æ—Ä–æ–≥ –∑–∞–≤–¥–∞–≤ —Ä–∞–∫–µ—Ç–Ω–æ–≥–æ —É–¥–∞—Ä—É –ø–æ –æ–± º—î–∫—Ç—É –ø—Ä–æ–º–∏—Å–ª–æ–≤–æ—ó —ñ–Ω—Ñ—Ä–∞—Å—Ç—Ä—É–∫—Ç—É—Ä–∏ –Ω–∞ —Ç–µ—Ä–∏—Ç–æ—Ä—ñ—ó –°—É–º—Å—å–∫–æ—ó –≥—Ä–æ–º–∞–¥–∏**,–≤–æ—Ä–æ–≥ –∑–∞–≤–¥–∞–≤ —Ä–∞–∫–µ—Ç–Ω–æ–≥–æ —É–¥–∞—Ä—É –ø–æ –æ–±—î–∫—Ç—É –ø—Ä–æ–º–∏—Å–ª–æ–≤–æ—ó —ñ–Ω—Ñ—Ä–∞—Å—Ç—Ä—É–∫—Ç—É—Ä–∏ –Ω–∞ —Ç–µ—Ä–∏—Ç–æ—Ä—ñ—ó —Å—É–º—Å—å–∫–æ—ó –≥—Ä–æ–º–∞–¥–∏ –ø–æ–ø–µ—Ä–µ–¥–Ω—å–æ –ø–æ—Å—Ç—Ä–∞–∂–¥–∞–ª—ñ –Ω–∞—Å–ª—ñ–¥–∫–∏ —É–¥–∞—Ä—É —Ä–æ—Å—ñ—è–Ω –∑—è—Å–æ–≤—É—é—Ç—å—Å—è –Ω–∞ –º—ñ—Å—Ü—ñ –ø–æ–¥—ñ—ó –ø—Ä–∞—Ü—é—é—Ç—å –≤—ñ–¥–ø–æ–≤—ñ–¥–Ω—ñ —Å–ª—É–∂–±–∏ –æ–≤–∞ –º–∏,2025-05-14,-1,-1_—É–∫—Ä–∞—ó–Ω–∞_—Å–∞–Ω–∫—Ü—ñ—è_—Ä–æ—Å—ñ—è–Ω–∏–Ω_—Ä–æ—Å—ñ—è,–ø–æ–ª—ñ—Ç–∏–∫–∞,negative
https://t.me/UkraineNow,"**–ó–∞–≥—Ä–æ–∑–∞ –∑–∞—Å—Ç–æ—Å—É–≤–∞–Ω–Ω—è –±–∞–ª—ñ—Å—Ç–∏—á–Ω–æ–≥–æ –æ–∑–±—Ä–æ—î–Ω–Ω—è  –≤ –æ–±–ª–∞—Å—Ç—è—Ö, –¥–µ –æ–≥–æ–ª–æ—à–µ–Ω–æ –ø–æ–≤—ñ—Ç—Ä—è–Ω—É —Ç—Ä–∏–≤–æ–≥—É! - –ü–°
**
‚úÖ",–∑–∞–≥—Ä–æ–∑–∞ –∑–∞—Å—Ç–æ—Å—É–≤–∞–Ω–Ω—è –±–∞–ª—ñ—Å—Ç–∏—á–Ω–æ–≥–æ –æ–∑–±—Ä–æ—î–Ω–Ω—è –æ–±–ª–∞—Å—Ç—è—Ö –¥–µ –æ–≥–æ–ª–æ—à–µ–Ω–æ –ø–æ–≤—ñ—Ç—Ä—è–Ω—É —Ç—Ä–∏–≤–æ–≥—É –ø—Å –º–∏,2025-05-14,-1,-1_—É–∫—Ä–∞—ó–Ω–∞_—Å–∞–Ω–∫—Ü—ñ—è_—Ä–æ—Å—ñ—è–Ω–∏–Ω_—Ä–æ—Å—ñ—è,–ø–æ–ª—ñ—Ç–∏–∫–∞,negative
https://t.me/UkraineNow,"**–£ –ù—ñ–º–µ—á—á–∏–Ω—ñ –∑–∞—Ç—Ä–∏–º–∞–ª–∏ —Ç—Ä—å–æ—Ö —É–∫—Ä–∞—ó–Ω—Ü—ñ–≤, –∑–∞–≤–µ—Ä–±–æ–≤–∞–Ω–∏—Ö —Ä–æ—Å—ñ—î—é –¥–ª—è –Ω–∏–∑–∫–∏ –¥–∏–≤–µ—Ä—Å—ñ–π —ñ —Ç–µ—Ä–∞–∫—Ç—ñ–≤ —É –§–†–ù, - ",–Ω—ñ–º–µ—á—á–∏–Ω—ñ –∑–∞—Ç—Ä–∏–º–∞–ª–∏ —Ç—Ä—å–æ—Ö —É–∫—Ä–∞—ó–Ω—Ü—ñ–≤ –∑–∞–≤–µ—Ä–±–æ–≤–∞–Ω–∏—Ö —Ä–æ—Å—ñ—î—é –¥–ª—è –Ω–∏–∑–∫–∏ –¥–∏–≤–µ—Ä—Å—ñ–π —Ç–µ—Ä–∞–∫—Ç—ñ–≤ —Ñ—Ä–Ω –ø–∏—à–µ bild –∑–∞ –¥–∞–Ω–∏–º–∏ –Ω—ñ–º–µ—Ü—å–∫–∏—Ö —Å–ª—ñ–¥—á–∏—Ö –∑–∞–∞—Ä–µ—à—Ç–æ–≤–∞–Ω—ñ –∫–µ–ª—å–Ω—ñ —Ç–∞ –∫–æ–Ω—Å—Ç–∞–Ω—Ü—ñ –º–æ–ª–æ–¥—ñ —Ö–ª–æ–ø—Ü—ñ —Ç–∞ –¥—ñ–≤—á–∏–Ω–∞ –º–∞–ª–∏ –≤—ñ–¥–ø—Ä–∞–≤–ª—è—Ç–∏ –ø–æ—Å–∏–ª–∫–∏ —Ç–µ—Ä–º—ñ—Ç–æ–º —è–∫—ñ –≥–æ—Ä—ñ–ª–∏ –∞–±–æ –≤–∏–±—É—Ö–Ω—É–ª–∏ –ø—ñ–¥ —á–∞—Å —Ç—Ä–∞–Ω—Å–ø–æ—Ä—Ç—É–≤–∞–Ω–Ω—è –≤–æ–Ω–∏ –≤–∂–µ –≤—Å—Ç–∏–≥–ª–∏ –Ω–∞–¥—ñ—Å–ª–∞—Ç–∏ —Ç–µ—Å—Ç–æ–≤—ñ –ø–æ—Å–∏–ª–∫–∏ —Å–∏–ª–æ–≤–∏–∫–∏ –ø–æ–±–æ—é—é—Ç—å—Å—è —â–æ —Ç–∞–∫–∏—Ö —Ä–æ—Å—ñ–π—Å—å–∫–∏—Ö –∞–≥–µ–Ω—Ç—ñ–≤ –Ω—ñ–º–µ—á—á–∏–Ω—ñ –º–æ–∂–µ –±—É—Ç–∏ —Å–æ—Ç–Ω—ñ –º–∏,2025-05-14,-1,-1_—É–∫—Ä–∞—ó–Ω–∞_—Å–∞–Ω–∫—Ü—ñ—è_—Ä–æ—Å—ñ—è–Ω–∏–Ω_—Ä–æ—Å—ñ—è,–ø–æ–ª—ñ—Ç–∏–∫–∞,negative
https://t.me/UkraineNow,"**–í—ñ–∫—Ç–æ—Ä –û—Ä–±–∞–Ω —Å–∫–ª–∏–∫–∞–≤ –†–∞–¥—É –æ–±–æ—Ä–æ–Ω–∏ –£–≥–æ—Ä—â–∏–Ω–∏ —á–µ—Ä–µ–∑ ¬´–±–µ–∑–ø—Ä–µ—Ü–µ–¥–µ–Ω—Ç–Ω—É –æ–ø–µ—Ä–∞—Ü—ñ—é —Å–ø–µ—Ü—Å–ª—É–∂–± –£–∫—Ä–∞—ó–Ω–∏¬ª**

–í—ñ",–≤—ñ–∫—Ç–æ—Ä –æ—Ä–±–∞–Ω —Å–∫–ª–∏–∫–∞–≤ —Ä–∞–¥—É –æ–±–æ—Ä–æ–Ω–∏ —É–≥–æ—Ä—â–∏–Ω–∏ —á–µ—Ä–µ–∑ –±–µ–∑–ø—Ä–µ—Ü–µ–¥–µ–Ω—Ç–Ω—É –æ–ø–µ—Ä–∞—Ü—ñ—é —Å–ø–µ—Ü—Å–ª—É–∂–± —É–∫—Ä–∞—ó–Ω–∏ –≤—ñ–Ω –∑–≤–∏–Ω—É–≤–∞—Ç–∏–≤ –æ–ø–æ–∑–∏—Ü—ñ–π–Ω—É —É–≥–æ—Ä—Å—å–∫—É –ø–∞—Ä—Ç—ñ—é —Ç–∏—Å–∞ –∑–º–æ–≤—ñ —É–∫—Ä–∞—ó–Ω–æ—é –æ–ø–µ—Ä–∞—Ü—ñ—ó —Å–µ–∫—Ä–µ—Ç–Ω–æ—ó —Å–ª—É–∂–±–∏ —Ä–æ–∑–ø–æ—á–∞—Ç—ñ–π –ø—Ä–æ—Ç–∏ –π–æ–≥–æ –∫—Ä–∞—ó–Ω–∏ –ø—Ä–µ–º—î—Ä —É–≥–æ—Ä—â–∏–Ω–∏ –∑–∞—è–≤–∏–≤ —â–æ —Å–∫–æ–æ—Ä–¥–∏–Ω–æ–≤–∞–Ω–∞ –∫–∞–º–ø–∞–Ω—ñ—è –¥–∏—Å–∫—Ä–µ–¥–∏—Ç–∞—Ü—ñ—ó –±—É–ª–∞ —Ä–æ–∑–ø–æ—á–∞—Ç–∞ —â–æ–± –∑–∞–ø–æ–±—ñ–≥—Ç–∏ –ø—Ä–æ–≤–µ–¥–µ–Ω–Ω—é —Ä–µ—Ñ–µ—Ä–µ–Ω–¥—É–º—É —â–æ–¥–æ —á–ª–µ–Ω—Å—Ç–≤–∞ —É–∫—Ä–∞—ó–Ω–∏ —î—Å –º–∏,2025-05-14,-1,-1_—É–∫—Ä–∞—ó–Ω–∞_—Å–∞–Ω–∫—Ü—ñ—è_—Ä–æ—Å—ñ—è–Ω–∏–Ω_—Ä–æ—Å—ñ—è,–ø–æ–ª—ñ—Ç–∏–∫–∞,negative
https://t.me/UkraineNow,"**–ü–æ—Å–ª–∏ –¥–µ—Ä–∂–∞–≤-—á–ª–µ–Ω—ñ–≤ –Ñ–≤—Ä–æ—Å–æ—é–∑—É –ø–æ–≥–æ–¥–∏–ª–∏ 17 –ø–∞–∫–µ—Ç —Å–∞–Ω–∫—Ü—ñ–π –ø—Ä–æ—Ç–∏ —Ä—Ñ **

""–ú–∏ —â–µ –±—ñ–ª—å—à–µ –æ–±–º–µ–∂—É—î–º–æ –¥–æ—Å—Ç—É",–ø–æ—Å–ª–∏ –¥–µ—Ä–∂–∞–≤-—á–ª–µ–Ω—ñ–≤ —î–≤—Ä–æ—Å–æ—é–∑—É –ø–æ–≥–æ–¥–∏–ª–∏ 17 –ø–∞–∫–µ—Ç —Å–∞–Ω–∫—Ü—ñ–π –ø—Ä–æ—Ç–∏ —Ä—Ñ –º–∏ —â–µ –±—ñ–ª—å—à–µ –æ–±–º–µ–∂—É—î–º–æ –¥–æ—Å—Ç—É–ø –¥–æ –±–æ–π–æ–≤–∏—Ö —Ç–µ—Ö–Ω–æ–ª–æ–≥—ñ–π —Ç–∞–∫–æ–∂ –¥–æ–¥–∞–ª–∏ –¥–æ —Å–ø–∏—Å–∫—É —â–µ 189 —Å—É–¥–µ–Ω —Ç—ñ–Ω—å–æ–≤–æ–≥–æ —Ñ–ª–æ—Ç—É —â–æ–± –≤–¥–∞—Ä–∏—Ç–∏ –ø–æ –µ–Ω–µ—Ä–≥–µ—Ç–∏—á–Ω–æ–º—É –µ–∫—Å–ø–æ—Ä—Ç—É —Ä–æ—Å—ñ—ó –ø–æ–≤—ñ–¥–æ–º–∏–ª–∞ –ø—Ä–µ–∑–∏–¥–µ–Ω—Ç–∫–∞ —î–≤—Ä–æ–∫–æ–º—ñ—Å—ñ—ó —É—Ä—Å—É–ª–∞ —Ñ–æ–Ω –¥–µ—Ä –ª—è—î–Ω –º–∏,2025-05-14,-1,-1_—É–∫—Ä–∞—ó–Ω–∞_—Å–∞–Ω–∫—Ü—ñ—è_—Ä–æ—Å—ñ—è–Ω–∏–Ω_—Ä–æ—Å—ñ—è,–ø–æ–ª—ñ—Ç–∏–∫–∞,negative
https://t.me/UkraineNow,"**–í –Ü—Å–ø–∞–Ω—ñ—ó –∑–∞—Ç—Ä–∏–º–∞–ª–∏ –∫–æ–ª–∏—à–Ω—å–æ–≥–æ –ø–µ—Ä—à–æ–≥–æ –∑–∞—Å—Ç—É–ø–Ω–∏–∫–∞ —Å–µ–∫—Ä–µ—Ç–∞—Ä—è –†–ù–ë–û –û–ª–µ–≥–∞ –ì–ª–∞–¥–∫–æ–≤—Å—å–∫–æ–≥–æ**

–ô–æ–≥–æ –æ–±–≤–∏–Ω",—ñ—Å–ø–∞–Ω—ñ—ó –∑–∞—Ç—Ä–∏–º–∞–ª–∏ –∫–æ–ª–∏—à–Ω—å–æ–≥–æ –ø–µ—Ä—à–æ–≥–æ –∑–∞—Å—Ç—É–ø–Ω–∏–∫–∞ —Å–µ–∫—Ä–µ—Ç–∞—Ä—è —Ä–Ω–±–æ –æ–ª–µ–≥–∞ –≥–ª–∞–¥–∫–æ–≤—Å—å–∫–æ–≥–æ –π–æ–≥–æ –æ–±–≤–∏–Ω—É–≤–∞—á—É—é—Ç—å –æ—Ä–≥–∞–Ω—ñ–∑–∞—Ü—ñ—ó –∑–∞–∫—É–ø—ñ–≤–ª—ñ –≤–∞–Ω—Ç–∞–∂–Ω–∏—Ö –∞–≤—Ç–æ–º–æ–±—ñ–ª—ñ–≤ –ø—ñ–¥–≤–∏—â–µ–Ω–æ—ó –ø—Ä–æ—Ö—ñ–¥–Ω–æ—Å—Ç—ñ –∑–∞ –∑–∞–≤–∏—â–µ–Ω–∏–º–∏ —Ü—ñ–Ω–∞–º–∏ —Å—É–º–∞ –∑–∞–≤–¥–∞–Ω–∏—Ö –∑–±–∏—Ç–∫—ñ–≤ –¥–µ—Ä–∂–∞–≤—ñ —Å—Ç–∞–Ω–æ–≤–∏—Ç—å –ø–æ–Ω–∞–¥ 17 –º–ª–Ω –≥—Ä–Ω –∂–æ–≤—Ç–Ω—ñ 2019 —Ä–æ–∫—É –≥–ª–∞–¥–∫–æ–≤—Å—å–∫–æ–≥–æ –∑–∞–∞—Ä–µ—à—Ç—É–≤–∞–ª–∏ –æ–¥–Ω–∞–∫ –≤–∂–µ –∑–∞ –∫—ñ–ª—å–∫–∞ –¥–Ω—ñ–≤ –≤—ñ–Ω –≤–∏–π—à–æ–≤ –ø—ñ–¥ –∑–∞—Å—Ç–∞–≤—É –±–µ—Ä–µ–∑–Ω—ñ 2022 —Ä–æ–∫—É –∑–∞–ø–æ–±—ñ–∂–Ω–∏–π –∑–∞—Ö—ñ–¥ –∑–º—ñ–Ω–∏–ª–∏ –Ω–∞ –æ—Å–æ–±–∏—Å—Ç–µ –∑–æ–±–æ–≤—è–∑–∞–Ω–Ω—è –æ–±–≤–∏–Ω—É–≤–∞—á–µ–Ω–∏–π –ø–µ—Ä–µ—Å—Ç–∞–≤ –∑—è–≤–ª—è—Ç–∏—Å—å –Ω–∞ —Å—É–¥–æ–≤–∏—Ö –∑–∞—Å—ñ–¥–∞–Ω–Ω—è—Ö —Ç–∞ –≤–∏—ó—Ö–∞–≤ –∑–∞ –∫–æ—Ä–¥–æ–Ω –∑–≥–æ–¥–æ–º –π–æ–≥–æ –æ–≥–æ–ª–æ—Å–∏–ª–∏ —Ä–æ–∑—à—É–∫ –º–∏,2025-05-14,-1,-1_—É–∫—Ä–∞—ó–Ω–∞_—Å–∞–Ω–∫—Ü—ñ—è_—Ä–æ—Å—ñ—è–Ω–∏–Ω_—Ä–æ—Å—ñ—è,–ø–æ–ª—ñ—Ç–∏–∫–∞,negative
https://t.me/UkraineNow,"**–ó–µ–ª–µ–Ω—Å—å–∫–∏–π: –≤—ñ–π–Ω–∞ –Ω–µ —Ç—Ä–∏–≤–∞—Ç–∏–º–µ 10 —Ä–æ–∫—ñ–≤, –£–∫—Ä–∞—ó–Ω–∞ –Ω–µ –≤–∏—Ç—Ä–∏–º–∞—î**

""–ù—ñ—Ö—Ç–æ –Ω–µ –∑–Ω–∞—î, —è–∫ –¥–æ–≤–≥–æ –≤–æ–Ω–∞ (–≤—ñ–π",–∑–µ–ª–µ–Ω—Å—å–∫–∏–π –≤—ñ–π–Ω–∞ –Ω–µ —Ç—Ä–∏–≤–∞—Ç–∏–º–µ 10 —Ä–æ–∫—ñ–≤ —É–∫—Ä–∞—ó–Ω–∞ –Ω–µ –≤–∏—Ç—Ä–∏–º–∞—î –Ω—ñ—Ö—Ç–æ –Ω–µ –∑–Ω–∞—î —è–∫ –¥–æ–≤–≥–æ –≤–æ–Ω–∞ –≤—ñ–π–Ω–∞ —Ç—Ä–∏–≤–∞—Ç–∏–º–µ –∞–ª–µ –Ω–µ 10 —Ä–æ–∫—ñ–≤ —É–∫—Ä–∞—ó–Ω–∞ –Ω–µ –≤–∏—Ç—Ä–∏–º–∞—î —Ü–µ –¥–æ—Ä–æ–≥–æ –∫–æ—à—Ç—É—î –≤—Å—ñ–º –Ω–µ –ª–∏—à–µ –¥—Ä—É–∑—è–º –≤–æ—Ä–æ–≥–∞–º —Å–∫–∞–∑–∞–≤ –ø—Ä–µ–∑–∏–¥–µ–Ω—Ç —ñ–Ω—Ç–µ—Ä–≤—é –∑–∞—Ö—ñ–¥–Ω–∏–º –∑–º—ñ –º–∏,2025-05-14,-1,-1_—É–∫—Ä–∞—ó–Ω–∞_—Å–∞–Ω–∫—Ü—ñ—è_—Ä–æ—Å—ñ—è–Ω–∏–Ω_—Ä–æ—Å—ñ—è,–ø–æ–ª—ñ—Ç–∏–∫–∞,negative
https://t.me/UkraineNow,"**–ó—Ä–∞–Ω–∫—É —Ä–æ—Å—ñ–π—Å—å–∫–∞ –∞—Ä–º—ñ—è —Å–∫–∏–Ω—É–ª–∞ –≤–∏–±—É—Ö—ñ–≤–∫—É –∑ –ë–ø–õ–ê –Ω–∞ –∞–≤—Ç–æ–º–æ–±—ñ–ª—å —É –ë—ñ–ª–æ–∑–µ—Ä—Ü—ñ –Ω–∞ –•–µ—Ä—Å–æ–Ω—â–∏–Ω—ñ**

49-—Ä—ñ—á–Ω",–∑—Ä–∞–Ω–∫—É —Ä–æ—Å—ñ–π—Å—å–∫–∞ –∞—Ä–º—ñ—è —Å–∫–∏–Ω—É–ª–∞ –≤–∏–±—É—Ö—ñ–≤–∫—É –±–ø–ª–∞ –Ω–∞ –∞–≤—Ç–æ–º–æ–±—ñ–ª—å –±—ñ–ª–æ–∑–µ—Ä—Ü—ñ –Ω–∞ —Ö–µ—Ä—Å–æ–Ω—â–∏–Ω—ñ 49-—Ä—ñ—á–Ω–∏–π —á–æ–ª–æ–≤—ñ–∫ –æ—Ç—Ä–∏–º–∞–≤ –º—ñ–Ω–Ω–æ-–≤–∏–±—É—Ö–æ–≤—É —Ç—Ä–∞–≤–º—É —Ç–∞ –∫–æ–Ω—Ç—É–∑—ñ—é –º–Ω–æ–∂–∏–Ω–Ω—ñ —É–ª–∞–º–∫–æ–≤—ñ –ø–æ—Ä–∞–Ω–µ–Ω–Ω—è –æ–±–ª–∏—á—á—è —Ä—É–∫ —Ç—É–ª—É–±–∞ —Ç–∞ —Å—Ç–µ–≥–Ω–∞ –π–æ–≥–æ —à–ø–∏—Ç–∞–ª—ñ–∑—É–≤–∞–ª–∏ –æ–≤–∞ –º–∏,2025-05-14,-1,-1_—É–∫—Ä–∞—ó–Ω–∞_—Å–∞–Ω–∫—Ü—ñ—è_—Ä–æ—Å—ñ—è–Ω–∏–Ω_—Ä–æ—Å—ñ—è,–ø–æ–ª—ñ—Ç–∏–∫–∞,negative
https://t.me/UkraineNow,"**–í–Ω–æ—á—ñ —Ä–æ—Å—ñ—è –∞—Ç–∞–∫—É–≤–∞–ª–∞ –£–∫—Ä–∞—ó–Ω—É 1 –±–∞–ª—ñ—Å—Ç–∏—á–Ω–æ—é —Ä–∞–∫–µ—Ç–æ—é —Ç–∞ 145 —É–¥–∞—Ä–Ω–∏–º–∏ –ë–ø–õ–ê**

–°–∏–ª–∏ –ü–ü–û –∑–±–∏–ª–∏ 80 ""—à–∞—Ö",–≤–Ω–æ—á—ñ —Ä–æ—Å—ñ—è –∞—Ç–∞–∫—É–≤–∞–ª–∞ —É–∫—Ä–∞—ó–Ω—É –±–∞–ª—ñ—Å—Ç–∏—á–Ω–æ—é —Ä–∞–∫–µ—Ç–æ—é —Ç–∞ 145 —É–¥–∞—Ä–Ω–∏–º–∏ –±–ø–ª–∞ —Å–∏–ª–∏ –ø–ø–æ –∑–±–∏–ª–∏ 80 —à–∞—Ö–µ–¥—ñ–≤ —Å—Ö—ñ–¥–Ω–∏—Ö –ø—ñ–≤–Ω—ñ—á–Ω–∏—Ö –∑–∞—Ö—ñ–¥–Ω–∏—Ö —Ç–∞ —Ü–µ–Ω—Ç—Ä–∞–ª—å–Ω–∏—Ö –æ–±–ª–∞—Å—Ç—è—Ö 42 –±–µ–∑–ø—ñ–ª–æ—Ç–Ω–∏–∫–∏-—ñ–º—ñ—Ç–∞—Ç–æ—Ä–∏ –ª–æ–∫–∞—Ü—ñ–π–Ω–æ –≤—Ç—Ä–∞—á–µ–Ω—ñ –±–µ–∑ –Ω–∞—Å–ª—ñ–¥–∫—ñ–≤ –≤–Ω–∞—Å–ª—ñ–¥–æ–∫ –∞—Ç–∞–∫–∏ –ø–æ—Å—Ç—Ä–∞–∂–¥–∞–ª–∏ —Å—É–º—â–∏–Ω–∞ —Ö–∞—Ä–∫—ñ–≤—â–∏–Ω–∞ –æ–¥–µ—â–∏–Ω–∞ –¥–æ–Ω–µ—á—á–∏–Ω–∞ —Ç–∞ –∫—ñ—Ä–æ–≤–æ–≥—Ä–∞–¥—â–∏–Ω–∞ –º–∏,2025-05-14,-1,-1_—É–∫—Ä–∞—ó–Ω–∞_—Å–∞–Ω–∫—Ü—ñ—è_—Ä–æ—Å—ñ—è–Ω–∏–Ω_—Ä–æ—Å—ñ—è,–ø–æ–ª—ñ—Ç–∏–∫–∞,negative
https://t.me/UkraineNow,"#–≥–µ—Ä–æ—ó #–Ω–∞–©–∏—Ç—ñ 

–ê–Ω—Ç–æ–Ω –ü—à–µ–Ω–∏—á–Ω–∏–π —É —Å–≤–æ—ó 20 –ø—ñ—à–æ–≤ –∑–∞—Ö–∏—â–∞—Ç–∏ –£–∫—Ä–∞—ó–Ω—É –≤ –ø–æ–ª–∫ ""–ê–∑–æ–≤"", –±—Ä–∞–≤ —É—á–∞—Å—Ç—å —É –®–∏—Ä–æ–∫",–≥–µ—Ä–æ—ó –Ω–∞—â–∏—Ç—ñ –∞–Ω—Ç–æ–Ω –ø—à–µ–Ω–∏—á–Ω–∏–π —Å–≤–æ—ó 20 –ø—ñ—à–æ–≤ –∑–∞—Ö–∏—â–∞—Ç–∏ —É–∫—Ä–∞—ó–Ω—É –ø–æ–ª–∫ –∞–∑–æ–≤ –±—Ä–∞–≤ —É—á–∞—Å—Ç—å —à–∏—Ä–æ–∫–∏–Ω—Å—å–∫—ñ–π –æ–ø–µ—Ä–∞—Ü—ñ—ó —Ç–∞ –æ–±–æ—Ä–æ–Ω—ñ –º–∞—Ä—ñ—É–ø–æ–ª—è –±–æ—Ä–æ–≤—Å—è –∫–æ—Ä—É–ø—Ü—ñ—î—é –±–µ—Ä–¥—è–Ω—Å—å–∫—É –∑–æ–∫—Ä–µ–º–∞ –≤–∏–∫—Ä–∏–≤–∞–≤ –∑–ª–æ—á–∏–Ω–∏ –Ω–∞—Ä–¥–µ–ø–∞ –ø–æ–Ω–æ–º–∞—Ä—å–æ–≤–∞ –∫–æ–ª–∏ —Ä–æ–∑–ø–æ—á–∞–ª–æ—Å—è –ø–æ–≤–Ω–æ–º–∞—Å—à—Ç–∞–±–Ω–µ –≤—Ç–æ—Ä–≥–Ω–µ–Ω–Ω—è 26 –ª—é—Ç–æ–≥–æ 2022 —Ä–æ–∫—É –∑—ñ –∑–±—Ä–æ—î—é —Ä—É–∫–∞—Ö –∞–Ω—Ç–æ–Ω –ø—Ä–æ–¥–æ–≤–∂–∏–≤ —Å–≤—ñ–π –±–æ–π–æ–≤–∏–π —à–ª—è—Ö —è–∫ –¥–æ–±—Ä–æ–≤–æ–ª–µ—Ü—å –±—Ä–∞–≤ –∞–∫—Ç–∏–≤–Ω—É —É—á–∞—Å—Ç—å –¥–µ–æ–∫—É–ø–∞—Ü—ñ—ó —Ç–∞ –±–æ–π–æ–≤–∏—Ö –¥—ñ—è—Ö –∂–∏—Ç–æ–º–∏—Ä—Å—å–∫—ñ–π –∫–∏—ó–≤—Å—å–∫—ñ–π —Å—É–º—Å—å–∫—ñ–π —Ö–∞—Ä–∫—ñ–≤—Å—å–∫—ñ–π –∑–∞–ø–æ—Ä—ñ–∑—å–∫—ñ–π –¥–æ–Ω–µ—Ü—å–∫—ñ–π –æ–±–ª–∞—Å—Ç—è—Ö –∫–≤—ñ—Ç–Ω—ñ 2022 —Ä–æ—Ü—ñ –æ—Ç—Ä–∏–º–∞–≤ –ø–æ—Ä–∞–Ω–µ–Ω–Ω—è –ø—ñ–¥ —á–∞—Å –¥–µ–æ–∫—É–ø–∞—Ü—ñ—ó –¥–µ—Ä–≥–∞—á—ñ–≤ –∞–ª–µ –ø–æ–ø—Ä–∏ —Ü–µ –≤–∏–≤—ñ–≤ –≤—Å—é –≥—Ä—É–ø—É –æ—Ç–æ—á–µ–Ω–Ω—è –ª–µ–π—Ç–µ–Ω–∞–Ω—Ç –ø–æ–ª—ñ—Ü—ñ—ó –∞–Ω—Ç–æ–Ω –ø—à–µ–Ω–∏—á–Ω–∏–π —Å–∞—Ä–º–∞—Ç –∑–∞–≥–∏–Ω—É–≤ 13 –±–µ—Ä–µ–∑–Ω—è 2025 —Ä–æ–∫—É –±–æ—é –Ω–∞ —Ç–æ—Ä–µ—Ü—å–∫–æ–º—É –Ω–∞–ø—Ä—è–º–∫—É –≤—ñ–¥ —É–ª–∞–º–∫–∞ –∞—Ä—Ç–∏–ª–µ—Ä—ñ–π—Å—å–∫–æ–≥–æ —Å–Ω–∞—Ä—è–¥—É –≤—ñ–Ω —Å–ø–æ–≤–Ω–∞ –≤–∏–∫–æ–Ω–∞–≤ —Å–≤—ñ–π –æ–±–æ–≤—è–∑–æ–∫ –ø–µ—Ä–µ–¥ –¥–µ—Ä–∂–∞–≤–æ—é —Ç–∞ —ó—ó –≥—Ä–æ–º–∞–¥—è–Ω–∞–º–∏ —Ç–∞ –∑–∞—Å–ª—É–≥–æ–≤—É—î –Ω–∞ –Ω–∞–π–≤–∏—â—É –Ω–∞–≥–æ—Ä–æ–¥–∏ –≤—ñ–¥ —Ç–∏—Ö –∑–∞ –∫–æ–≥–æ –≤—ñ–Ω —Ç–∞–∫ —â–∏—Ä–æ –±–æ—Ä–æ–≤—Å—è –¥–æ –æ—Å—Ç–∞–Ω–Ω—å–æ–≥–æ –ø–æ–¥–∏—Ö—É –Ω–∞–ø–∏—Å–∞–≤ –ø–æ–±—Ä–∞—Ç–∏–º –∑–∞—Ö–∏—Å–Ω–∏–∫–∞ –ø—ñ–¥—Ç—Ä–∏–º–∞–π—Ç–µ –∑–∞ –ø–æ—Å–∏–ª–∞–Ω–Ω—è–º –º–∏,2025-05-14,-1,-1_—É–∫—Ä–∞—ó–Ω–∞_—Å–∞–Ω–∫—Ü—ñ—è_—Ä–æ—Å—ñ—è–Ω–∏–Ω_—Ä–æ—Å—ñ—è,–ø–æ–ª—ñ—Ç–∏–∫–∞,positive
https://t.me/UkraineNow,"**–ù–∞ –†—ñ–≤–Ω–µ–Ω—â–∏–Ω—ñ –≤–Ω–∞—Å–ª—ñ–¥–æ–∫ –Ω—ñ—á–Ω–æ—ó –∞—Ç–∞–∫–∏ —Ä—Ñ –ø–æ—Ä–∞–Ω–µ–Ω–æ –¥–≤–æ—î –ª—é–¥–µ–π**

–Ñ –Ω–µ–∑–Ω–∞—á–Ω—ñ —Ä—É–π–Ω—É–≤–∞–Ω–Ω—è —Ü–∏–≤—ñ–ª—å–Ω–æ—ó —ñ–Ω—Ñ",–Ω–∞ —Ä—ñ–≤–Ω–µ–Ω—â–∏–Ω—ñ –≤–Ω–∞—Å–ª—ñ–¥–æ–∫ –Ω—ñ—á–Ω–æ—ó –∞—Ç–∞–∫–∏ —Ä—Ñ –ø–æ—Ä–∞–Ω–µ–Ω–æ –¥–≤–æ—î –ª—é–¥–µ–π –Ω–µ–∑–Ω–∞—á–Ω—ñ —Ä—É–π–Ω—É–≤–∞–Ω–Ω—è —Ü–∏–≤—ñ–ª—å–Ω–æ—ó —ñ–Ω—Ñ—Ä–∞—Å—Ç—Ä—É–∫—Ç—É—Ä–∏ –ø–æ–≤—ñ–¥–æ–º–∏–≤ –≥–æ–ª–æ–≤–∞ –æ–≤–∞ –æ–ª–µ–∫—Å–∞–Ω–¥—Ä –∫–æ–≤–∞–ª—å —Ç—Ä–∏–≤–æ–≥–∞ —Ç—Ä–∏–≤–∞–ª–∞ 0324 –¥–æ 0648 –ø–æ–≤—ñ—Ç—Ä—è–Ω—ñ —Å–∏–ª–∏ –∑—Å—É —Ñ—ñ–∫—Å—É–≤–∞–ª–∏ —Ä—É—Ö —Ä–æ—Å—ñ–π—Å—å–∫–∏—Ö –±–ø–ª–∞ —Å—É—Å—ñ–¥–Ω—ñ—Ö –æ–±–ª–∞—Å—Ç—è—Ö –º–∏,2025-05-14,-1,-1_—É–∫—Ä–∞—ó–Ω–∞_—Å–∞–Ω–∫—Ü—ñ—è_—Ä–æ—Å—ñ—è–Ω–∏–Ω_—Ä–æ—Å—ñ—è,–ø–æ–ª—ñ—Ç–∏–∫–∞,negative
https://t.me/UkraineNow,"**–ó–µ–ª–µ–Ω—Å—å–∫–∏–π –∑–∞—è–≤–∏–≤, —â–æ —Ä–µ–∑—É–ª—å—Ç–∞—Ç–æ–º –∑—É—Å—Ç—Ä—ñ—á—ñ –∑ –ø—É—Ç—ñ–Ω–∏–º –º–∞—î —Å—Ç–∞—Ç–∏ –ø—Ä–∏–ø–∏–Ω–µ–Ω–Ω—è –≤–æ–≥–Ω—é –π –æ–±–º—ñ–Ω —É—Å—ñ–º–∞ –ø–æ–ª–æ",–∑–µ–ª–µ–Ω—Å—å–∫–∏–π –∑–∞—è–≤–∏–≤ —â–æ —Ä–µ–∑—É–ª—å—Ç–∞—Ç–æ–º –∑—É—Å—Ç—Ä—ñ—á—ñ –ø—É—Ç—ñ–Ω–∏–º –º–∞—î —Å—Ç–∞—Ç–∏ –ø—Ä–∏–ø–∏–Ω–µ–Ω–Ω—è –≤–æ–≥–Ω—é –æ–±–º—ñ–Ω —É—Å—ñ–º–∞ –ø–æ–ª–æ–Ω–µ–Ω–∏–º–∏ –ø—Ä–æ —Ü–µ –≤—ñ–Ω —Å–∫–∞–∑–∞–≤ —ñ–Ω—Ç–µ—Ä–≤—é –≤–∏–¥–∞–Ω–Ω—é liberation –ø—Ä–µ–∑–∏–¥–µ–Ω—Ç —É–∫—Ä–∞—ó–Ω–∏ –ø–æ—è—Å–Ω–∏–≤ —â–æ –ø—É—Ç—ñ–Ω–∏–º –Ω–µ–º–æ–∂–ª–∏–≤–æ –∑–∞—Ä–∞–∑ –¥—ñ–π—Ç–∏ –∑–≥–æ–¥–∏ —â–æ–¥–æ –≤—Å—å–æ–≥–æ –∞–ª–µ —Å—Ç–æ—Ä–æ–Ω–∏ –ø–æ–≤–∏–Ω–Ω—ñ –∑–Ω–∞–π—Ç–∏ —Ñ–æ—Ä–º–∞—Ç –¥–ª—è –ø—Ä–∏–ø–∏–Ω–µ–Ω–Ω—è –≤—ñ–π–Ω–∏ —Ä—Ñ —É–∫—Ä–∞—ó–Ω—ñ –≤—ñ–Ω –¥–æ–¥–∞–≤ —â–æ —Ä–æ—Å—ñ—è–Ω–∏ –Ω–µ –¥–æ–≤—ñ—Ä—è—Ç–∏–º—É—Ç—å —É–∫—Ä–∞—ó–Ω—Ü—è–º —É–∫—Ä–∞—ó–Ω—Ü—ñ —Ä–æ—Å—ñ—è–Ω–∞–º —Ç–æ–∂ –ª–∏—à–µ –∑–æ–≤–Ω—ñ—à–Ω—ñ –ø–æ—Å–µ—Ä–µ–¥–Ω–∏–∫–∏ –º–æ–∂—É—Ç—å –≥–∞—Ä–∞–Ω—Ç—É–≤–∞—Ç–∏ –¥–æ—Ç—Ä–∏–º–∞–Ω–Ω—è –≤—Å—ñ—Ö –¥–æ–º–æ–≤–ª–µ–Ω–æ—Å—Ç–µ–π –º–∏,2025-05-14,-1,-1_—É–∫—Ä–∞—ó–Ω–∞_—Å–∞–Ω–∫—Ü—ñ—è_—Ä–æ—Å—ñ—è–Ω–∏–Ω_—Ä–æ—Å—ñ—è,–ø–æ–ª—ñ—Ç–∏–∫–∞,negative
https://t.me/UkraineNow,"**–ó–∞—Ö–∏—Å–Ω–∏–∫–∏ –ª—ñ–∫–≤—ñ–¥—É–≤–∞–ª–∏ –∑–∞ –¥–æ–±—É —â–µ 1240 —Ä–æ—Å—ñ–π—Å—å–∫–∏—Ö –æ–∫—É–ø–∞–Ω—Ç—ñ–≤**

–ó–∞–≥–∞–ª—å–Ω—ñ –±–æ–π–æ–≤—ñ –≤—Ç—Ä–∞—Ç–∏ –ø—Ä–æ—Ç–∏–≤–Ω–∏–∫–∞ –∑ ",–∑–∞—Ö–∏—Å–Ω–∏–∫–∏ –ª—ñ–∫–≤—ñ–¥—É–≤–∞–ª–∏ –∑–∞ –¥–æ–±—É —â–µ 1240 —Ä–æ—Å—ñ–π—Å—å–∫–∏—Ö –æ–∫—É–ø–∞–Ω—Ç—ñ–≤ –∑–∞–≥–∞–ª—å–Ω—ñ –±–æ–π–æ–≤—ñ –≤—Ç—Ä–∞—Ç–∏ –ø—Ä–æ—Ç–∏–≤–Ω–∏–∫–∞ 240222 –ø–æ 140525 –æ—Å–æ–±–æ–≤–æ–≥–æ —Å–∫–ª–∞–¥—É 969370 +1240 —Ç–∞–Ω–∫—ñ–≤ 10804 +2 –±—Ä–æ–Ω—å–æ–≤–∞–Ω–∏—Ö –º–∞—à–∏–Ω 22501 +14 –∞—Ä—Ç—Å–∏—Å—Ç–µ–º 27827 +47 —Ä—Å–∑–≤ 1382 +1 –∑–∞—Å–æ–±–∏ –ø–ø–æ 1165 +3 –ª—ñ—Ç–∞–∫—ñ–≤ 372 –≥–µ–ª—ñ–∫–æ–ø—Ç–µ—Ä—ñ–≤ 335 –±–ø–ª–∞ 35860 +82 –∫—Ä–∏–ª–∞—Ç—ñ —Ä–∞–∫–µ—Ç–∏ 3197 –∫–æ—Ä–∞–±–ª—ñ–∫–∞—Ç–µ—Ä–∏ 28 –ø—ñ–¥–≤–æ–¥–Ω—ñ —á–æ–≤–Ω–∏ –∞–≤—Ç–æ—Ç–µ—Ö–Ω—ñ–∫–∏+–∞–≤—Ç–æ—Ü–∏—Å—Ç–µ—Ä–Ω 48382 +126 —Å–ø–µ—Ü—Ç–µ—Ö–Ω—ñ–∫–∞ 3884 –º–∏,2025-05-14,-1,-1_—É–∫—Ä–∞—ó–Ω–∞_—Å–∞–Ω–∫—Ü—ñ—è_—Ä–æ—Å—ñ—è–Ω–∏–Ω_—Ä–æ—Å—ñ—è,–ø–æ–ª—ñ—Ç–∏–∫–∞,negative
https://t.me/lachentyt,–¢—Ä—É—Ö–∞–Ω–æ–≤ [—Ö–æ—á–µ –∑–∞–∫—Ä–∏—Ç–∏](https://www.instagram.com/reel/DJizkjXoXXV/?igsh=d2NqY2VrNDF6bXV3) —î–¥–∏–Ω–∏–π —ñ–Ω,—Ç—Ä—É—Ö–∞–Ω–æ–≤ —Ö–æ—á–µ —î–¥–∏–Ω–∏–π —ñ–Ω–∫–ª—é–∑–∏–≤–Ω–∏–π –ø–ª—è–∂–Ω–∏–π –∫–æ–º–ø–ª–µ–∫—Å –∫–∞–ª–µ—Ç–æ–Ω-–±–µ–∑–º–µ–∂ –¥–ª—è –≤–µ—Ç–µ—Ä–∞–Ω—ñ–≤ –æ–¥–µ—Å—ñ –∫–æ–º–ø–ª–µ–∫—Å –æ—Ñ—ñ—Ü—ñ–π–Ω–æ –ø—Ä–æ–π—à–æ–≤ –ø–µ—Ä–µ–≤—ñ—Ä–∫–∏ –≥–æ—Ç–æ–≤–∏–π –¥–æ –≤—ñ–¥–∫—Ä–∏—Ç—Ç—è –∞–ª–µ –ø–æ–ø—Ä–∏ —Ü–µ –º—ñ—Å—å–∫–∞ –≤–ª–∞–¥–∞ –Ω–∞ —á–æ–ª—ñ —Ç—Ä—É—Ö–∞–Ω–æ–≤–∏–º –±–µ–∑ –ø–æ—è—Å–Ω–µ–Ω—å —á–∏–Ω—è—Ç—å —Ç–∏—Å–∫ –Ω–∞ –±—ñ–∑–Ω–µ—Å —Ç–∞ –≤–µ—Ç–µ—Ä–∞–Ω—ñ–≤ —è–∫—ñ –ø—ñ–¥ –∑–∞–≥—Ä–æ–∑–æ—é –∑–∞–ª–∏—à–∏—Ç–∏—Å—å –±–µ–∑ —Ä–æ–±–æ—Ç–∏ —Ç–∞ –º—ñ—Å—Ü—è –≤—ñ–¥–ø–æ—á–∏–Ω–∫—É –≤–µ—Ç–µ—Ä–∞–Ω–∏ –ø–æ—Ç—Ä–µ–±—É—é—Ç—å —Å–ø—Ä–∞–≤–¥—ñ —è–∫—ñ—Å–Ω–∏—Ö –¥–æ—Å—Ç—É–ø–Ω–∏—Ö –±–µ–∑–ø–µ—á–Ω–∏—Ö –ø–ª—è–∂—ñ–≤ –∞–ª–µ —Ü—è –ø—Ä–æ—Ä–æ—Å—ñ–π—Å—å–∫–∞ –≥–Ω–∏–¥–∞ –∑–Ω–æ–≤—É –≤–ª–∞—à—Ç–æ–≤—É—î —Å–≤–∞–≤—ñ–ª–ª—è,2025-05-14,-1,-1_—É–∫—Ä–∞—ó–Ω–∞_—Å–∞–Ω–∫—Ü—ñ—è_—Ä–æ—Å—ñ—è–Ω–∏–Ω_—Ä–æ—Å—ñ—è,–ø–æ–ª—ñ—Ç–∏–∫–∞,positive
https://t.me/lachentyt,"–ü–æ—Å–æ–ª —î–≤—Ä–æ–ø–µ–π—Å—å–∫–æ–≥–æ —Å–æ—é–∑—É –≤ –£–∫—Ä–∞—ó–Ω—ñ, –±—É–≤ –Ω–∞ –¥–Ω—ñ –Ñ–≤—Ä–æ–ø–∏ 2025

–ë—É–ª–æ [–±–∞–≥–∞—Ç–æ](https://x.com/igorlachenk",–ø–æ—Å–æ–ª —î–≤—Ä–æ–ø–µ–π—Å—å–∫–æ–≥–æ —Å–æ—é–∑—É —É–∫—Ä–∞—ó–Ω—ñ –±—É–≤ –Ω–∞ –¥–Ω—ñ —î–≤—Ä–æ–ø–∏ 2025 –±—É–ª–æ —Ü—ñ–∫–∞–≤–∏—Ö –ª—é–¥–µ–π —è–∫—ñ –ø—Ä–∞—Ü—é—é—Ç—å –ø–æ—Å–æ–ª—å—Å—Ç–≤–∞—Ö –∞–±–æ –ø–æ —Ä—ñ–∑–Ω–∏–º –ø—Ä–æ–≥—Ä–∞–º–∞–º —É–∫—Ä–∞—ó–Ω—ñ –≤–æ–Ω–∏ –ø—Ä—è–º –¥—É–∂–µ –µ–º–ø–∞—Ç–∏—á–Ω—ñ –¥–æ –Ω–∞—Å –Ω–µ —Å–ª–æ–≤–æ–º –¥—ñ–ª–æ–º –ø—Ä–∏—î–º–Ω–æ —Å—å–æ–≥–æ–¥–Ω—ñ –±—É–ª–æ –ø—Ä–æ–∫–∏–Ω—É—Ç–∏—Å—å –ø–æ–±–∞—á–∏—Ç–∏ –Ω–æ–≤—ñ —Å–∞–Ω–∫—Ü—ñ—ó –Ω–∞ —Ä–∞—à–∫—É –≤—ñ–¥ —î—Å,2025-05-14,-1,-1_—É–∫—Ä–∞—ó–Ω–∞_—Å–∞–Ω–∫—Ü—ñ—è_—Ä–æ—Å—ñ—è–Ω–∏–Ω_—Ä–æ—Å—ñ—è,–ø–æ–ª—ñ—Ç–∏–∫–∞,negative
https://t.me/lachentyt,"–ö–æ–º–ø–∞–Ω—ñ—è ¬´–°—Ç—Ä–æ–π—ñ–Ω–≤–µ—Å—Ç¬ª –Æ—Ä—ñ—è –ì–æ–ª–∏–∫–∞ –±–µ–∑ –∫–æ–Ω–∫—É—Ä–µ–Ω—Ü—ñ—ó –æ—Ç—Ä–∏–º–∞–ª–∞ **‚Ç¥108,3 –º–ª–Ω **–Ω–∞ –∫–∞–ø—ñ—Ç–∞–ª—å–Ω–∏–π —Ä–µ–º–æ–Ω—Ç –¥–∏—Ç",–∫–æ–º–ø–∞–Ω—ñ—è —Å—Ç—Ä–æ–π—ñ–Ω–≤–µ—Å—Ç —é—Ä—ñ—è –≥–æ–ª–∏–∫–∞ –±–µ–∑ –∫–æ–Ω–∫—É—Ä–µ–Ω—Ü—ñ—ó –æ—Ç—Ä–∏–º–∞–ª–∞ 1083 –º–ª–Ω –Ω–∞ –∫–∞–ø—ñ—Ç–∞–ª—å–Ω–∏–π —Ä–µ–º–æ–Ω—Ç –¥–∏—Ç—Å–∞–¥–∫–∞ 180 –∫—Ä–∏–≤–æ–º—É —Ä–æ–∑—ñ –≤–∂–µ –≤–¥—Ä—É–≥–µ 2021-–º—É –∫–æ–º–ø–∞–Ω—ñ—è –≤–∂–µ —Ä–µ–º–æ–Ω—Ç—É–≤–∞–ª–∞ —Å–∞–¥–æ–∫ –º–µ–∂–∞—Ö –≤–µ–ª–∏–∫–æ–≥–æ –±—É–¥—ñ–≤–Ω–∏—Ü—Ç–≤–∞ –∞–ª–µ 2025-–º—É —Å—Ç–∞—Ä–∏–π –¥–æ–≥–æ–≤—ñ—Ä —Ä–æ–∑—ñ—Ä–≤–∞–ª–∏ –ø—Ä–æ—Ç–µ –∫–æ–º–ø–∞–Ω—ñ—è –≤—Å—Ç–∏–≥–ª–∞ –æ—Å–≤–æ—ó—Ç–∏ –º–∞–π–∂–µ 20 –º–ª–Ω –º–∏–Ω—É–ª–æ–º—É –º—ñ—Å—è—Ü—ñ –∫–æ–º–ø–∞–Ω—ñ—è –ø–æ–≤—è–∑–∞–Ω–∞ –≥–æ–ª–∏–∫–æ–º –±–µ–∑ –∫–æ–Ω–∫—É—Ä–µ–Ω—Ü—ñ—ó –æ—Ç—Ä–∏–º–∞–ª–∞ 776 –º–ª–Ω –Ω–∞ —Ä–µ–∫–æ–Ω—Å—Ç—Ä—É–∫—Ü—ñ—é –¥–∏—Ç—è—á–æ—ó –ª—ñ–∫–∞—Ä–Ω—ñ –¥–Ω—ñ–ø—Ä—ñ –ø—Ä–æ—Å—Ç–æ –∞—Ö—É–π —Ö–∞—Ö–∞—Ö–∞—Ö–∞—Ö–∞—Ö–∞—Ö —Å—Ö–æ–∂–µ —Ç—ñ —Ö—Ç–æ –±—É–≤ —Å—Ö–µ–º–∞—Ö –≤–µ–ª–∏–∫–æ–≥–æ –±—É–¥—ñ–≤–Ω–∏—Ü—Ç–≤–∞ —Ç–∞ –∑—Ä–æ–±–∏–≤ —Å–æ–±—ñ –º—ñ–ª—å—è—Ä–¥–∏ –Ω–∞ —Ü—å–æ–º—É –Ω—ñ–∫–æ–ª–∏ –Ω–µ –±—É–¥–µ –ø–æ–∫–∞—Ä–∞–Ω–∏–π –ø—Ä–∏ —á–∏–Ω–Ω—ñ–π –≤–ª–∞–¥—ñ,2025-05-14,-1,-1_—É–∫—Ä–∞—ó–Ω–∞_—Å–∞–Ω–∫—Ü—ñ—è_—Ä–æ—Å—ñ—è–Ω–∏–Ω_—Ä–æ—Å—ñ—è,–ø–æ–ª—ñ—Ç–∏–∫–∞,negative
https://t.me/lachentyt,"–ú–∏ –∑–∞–≤–∂–¥–∏ —Ä–æ–∑–≥–ª–∞–¥–∞—î–º–æ –º–æ–∂–ª–∏–≤—ñ—Å—Ç—å –≤–≤–µ–¥–µ–Ω–Ω—è –≤—Ç–æ—Ä–∏–Ω–Ω–∏—Ö —Å–∞–Ω–∫—Ü—ñ–π –ø—Ä–æ—Ç–∏ –†–§. –Ø –Ω–µ –∑–Ω–∞—é, —á–∏ –∑'—è–≤–∏—Ç—å—Å—è –ü—É—Ç—ñ–Ω ",–º–∏ –∑–∞–≤–∂–¥–∏ —Ä–æ–∑–≥–ª–∞–¥–∞—î–º–æ –º–æ–∂–ª–∏–≤—ñ—Å—Ç—å –≤–≤–µ–¥–µ–Ω–Ω—è –≤—Ç–æ—Ä–∏–Ω–Ω–∏—Ö —Å–∞–Ω–∫—Ü—ñ–π –ø—Ä–æ—Ç–∏ —Ä—Ñ –Ω–µ –∑–Ω–∞—é —á–∏ –∑—è–≤–∏—Ç—å—Å—è –ø—É—Ç—ñ–Ω –Ω–∞ –ø–µ—Ä–µ–≥–æ–≤–æ—Ä–∞—Ö —Å—Ç–∞–º–±—É–ª—ñ —Ç—Ä–∞–º–ø,2025-05-14,-1,-1_—É–∫—Ä–∞—ó–Ω–∞_—Å–∞–Ω–∫—Ü—ñ—è_—Ä–æ—Å—ñ—è–Ω–∏–Ω_—Ä–æ—Å—ñ—è,–ø–æ–ª—ñ—Ç–∏–∫–∞,negative
https://t.me/lachentyt,"**–ê–Ω–¥—Ä—ñ–π –ë—ñ–ª–æ—É—Å, **—è–∫–æ–≥–æ –∑–≤–∏–Ω—É–≤–∞—á—É—é—Ç—å —É –¥–æ–º–∞–≥–∞–Ω–Ω—è—Ö, –ø—ñ—à–æ–≤ –∑ –ø–æ—Å–∞–¥–∏ –¥–∏—Ä–µ–∫—Ç–æ—Ä–∞ –ú–æ–ª–æ–¥–æ–≥–æ —Ç–µ–∞—Ç—Ä—É.

–ö–ú–î–ê ",–∞–Ω–¥—Ä—ñ–π –±—ñ–ª–æ—É—Å —è–∫–æ–≥–æ –∑–≤–∏–Ω—É–≤–∞—á—É—é—Ç—å –¥–æ–º–∞–≥–∞–Ω–Ω—è—Ö –ø—ñ—à–æ–≤ –ø–æ—Å–∞–¥–∏ –¥–∏—Ä–µ–∫—Ç–æ—Ä–∞ –º–æ–ª–æ–¥–æ–≥–æ —Ç–µ–∞—Ç—Ä—É –∫–º–¥–∞ —â–æ –∑–∞—è–≤—É –Ω–∞ –∑–≤—ñ–ª—å–Ω–µ–Ω–Ω—è –∑–∞ —É–≥–æ–¥–æ—é —Å—Ç–æ—Ä—ñ–Ω —É–∂–µ –ø—ñ–¥–ø–∏—Å–∞–Ω–æ,2025-05-14,-1,-1_—É–∫—Ä–∞—ó–Ω–∞_—Å–∞–Ω–∫—Ü—ñ—è_—Ä–æ—Å—ñ—è–Ω–∏–Ω_—Ä–æ—Å—ñ—è,–ø–æ–ª—ñ—Ç–∏–∫–∞,negative
https://t.me/lachentyt,"–ì–∞–¥–∞—é, —â–æ –≤—Å–µ —Ç—ñ–ª—å–∫–∏ –ø–æ—á–∏–Ω–∞—î—Ç—å—Å—è 
–ë–∞—Ç–∞–ª—å–π–æ–Ω –í—ñ–¥–µ–Ω—å, –ú–æ–Ω–∞–∫–æ —Ç–∞ –õ–æ–Ω–¥–æ–Ω –≥–æ—Ç—É–π—Ç–µ—Å—å.",–≥–∞–¥–∞—é —â–æ –≤—Å–µ —Ç—ñ–ª—å–∫–∏ –ø–æ—á–∏–Ω–∞—î—Ç—å—Å—è –±–∞—Ç–∞–ª—å–π–æ–Ω –≤—ñ–¥–µ–Ω—å –º–æ–Ω–∞–∫–æ —Ç–∞ –ª–æ–Ω–¥–æ–Ω –≥–æ—Ç—É–π—Ç–µ—Å—å,2025-05-14,-1,-1_—É–∫—Ä–∞—ó–Ω–∞_—Å–∞–Ω–∫—Ü—ñ—è_—Ä–æ—Å—ñ—è–Ω–∏–Ω_—Ä–æ—Å—ñ—è,–ø–æ–ª—ñ—Ç–∏–∫–∞,negative
https://t.me/lachentyt,"–í –Ü—Å–ø–∞–Ω—ñ—ó –∑–∞—Ç—Ä–∏–º–∞–Ω–æ –û–ª–µ–≥–∞ –ì–ª–∞–¥–∫–æ–≤—Å—å–∫–æ–≥–æ (–°–≤–∏–Ω–∞—Ä—á—É–∫–∞), –µ–∫—Å-–ø–µ—Ä—à–æ–≥–æ –∑–∞—Å—Ç—É–ø–Ω–∏–∫–∞ —Å–µ–∫—Ä–µ—Ç–∞—Ä—è –†–ù–ë–û. –ô–æ–≥–æ –æ–±",—ñ—Å–ø–∞–Ω—ñ—ó –∑–∞—Ç—Ä–∏–º–∞–Ω–æ –æ–ª–µ–≥–∞ –≥–ª–∞–¥–∫–æ–≤—Å—å–∫–æ–≥–æ —Å–≤–∏–Ω–∞—Ä—á—É–∫–∞ –µ–∫—Å-–ø–µ—Ä—à–æ–≥–æ –∑–∞—Å—Ç—É–ø–Ω–∏–∫–∞ —Å–µ–∫—Ä–µ—Ç–∞—Ä—è —Ä–Ω–±–æ –π–æ–≥–æ –æ–±–≤–∏–Ω—É–≤–∞—á—É—é—Ç—å –∑–∞–≤–¥–∞–Ω–Ω—ñ –∑–±–∏—Ç–∫—ñ–≤ –¥–µ—Ä–∂–∞–≤—ñ –Ω–∞ 174 –º–ª–Ω –≥—Ä–Ω –Ω–∞–±—É –∑–∞—Ç—Ä–∏–º–∞–Ω–∏–π —Å–ø—ñ–ª—å–Ω–æ –µ–∫—Å–∑–∞—Å—Ç—É–ø–Ω–∏–∫–æ–º –¥–∏—Ä–µ–∫—Ç–æ—Ä–æ–º –¥–µ–ø–∞—Ä—Ç–∞–º–µ–Ω—Ç—É –º–æ –æ–±–≤–∏–Ω—É–≤–∞—á—É—î—Ç—å—Å—è –æ—Ä–≥–∞–Ω—ñ–∑–∞—Ü—ñ—ó –∑–∞–∫—É–ø—ñ–≤–ª—ñ –≤–∞–Ω—Ç–∞–∂–Ω–∏—Ö –∞–≤—Ç–æ–º–æ–±—ñ–ª—ñ–≤ –∑–∞–≤–∏—â–µ–Ω–∏–º–∏ —Ü—ñ–Ω–∞–º–∏ —â–æ –ø—Ä–∏–∑–≤–µ–ª–æ –¥–æ –ø–æ–Ω–∞–¥ 17 –º–ª–Ω –≥—Ä–Ω –∑–±–∏—Ç–∫—ñ–≤ –¥–µ—Ä–∂–∞–≤—ñ –≤–∏—Ä—ñ—à—É—î—Ç—å—Å—è –ø–∏—Ç–∞–Ω–Ω—è —â–æ–¥–æ –µ–∫—Å—Ç—Ä–∞–¥–∏—Ü—ñ—ó –æ—Å–æ–±–∏ –¥–æ —É–∫—Ä–∞—ó–Ω–∏,2025-05-14,-1,-1_—É–∫—Ä–∞—ó–Ω–∞_—Å–∞–Ω–∫—Ü—ñ—è_—Ä–æ—Å—ñ—è–Ω–∏–Ω_—Ä–æ—Å—ñ—è,–ø–æ–ª—ñ—Ç–∏–∫–∞,negative
https://t.me/lachentyt,üá™üá∫ –ü–æ—Å–ª–∏ –Ñ–° —Å—Ö–≤–∞–ª–∏–ª–∏ 17-–π –ø–∞–∫–µ—Ç —Å–∞–Ω–∫—Ü—ñ–π –ø—Ä–æ—Ç–∏ –†–æ—Å—ñ—ó. –ü–∞—Ä–∞–ª–µ–ª—å–Ω–æ —Å—Ö–≤–∞–ª–µ–Ω–æ –¥–æ–¥–∞—Ç–∫–æ–≤—ñ —Å–∞–Ω–∫—Ü—ñ—ó –∑–∞ –ø–æ—Ä—É—à–µ,–ø–æ—Å–ª–∏ —î—Å —Å—Ö–≤–∞–ª–∏–ª–∏ 17-–π –ø–∞–∫–µ—Ç —Å–∞–Ω–∫—Ü—ñ–π –ø—Ä–æ—Ç–∏ —Ä–æ—Å—ñ—ó –ø–∞—Ä–∞–ª–µ–ª—å–Ω–æ —Å—Ö–≤–∞–ª–µ–Ω–æ –¥–æ–¥–∞—Ç–∫–æ–≤—ñ —Å–∞–Ω–∫—Ü—ñ—ó –∑–∞ –ø–æ—Ä—É—à–µ–Ω–Ω—è –ø—Ä–∞–≤ –ª—é–¥–∏–Ω–∏ –≥—ñ–±—Ä–∏–¥–Ω—ñ –≤—Ç—Ä—É—á–∞–Ω–Ω—è –ø–æ –≤—Å—å–æ–º—É —Å–≤—ñ—Ç—É —Ç–∞ —Ä–æ–∑–ø–æ–≤—Å—é–¥–∂–µ–Ω–Ω—è —Ö—ñ–º—ñ—á–Ω–æ—ó –∑–±—Ä–æ—ó —Ä–µ–ø–æ—Ä—Ç–µ—Ä —Ä–∞–¥—ñ–æ —Å–≤–æ–±–æ–¥–∞ –π–æ–∑–≤—è–∫,2025-05-14,-1,-1_—É–∫—Ä–∞—ó–Ω–∞_—Å–∞–Ω–∫—Ü—ñ—è_—Ä–æ—Å—ñ—è–Ω–∏–Ω_—Ä–æ—Å—ñ—è,–ø–æ–ª—ñ—Ç–∏–∫–∞,negative
https://t.me/lachentyt,"–ù—ñ—Ö—Ç–æ –Ω–µ –∑–Ω–∞—î, —è–∫ –¥–æ–≤–≥–æ –≤—ñ–π–Ω–∞ —Ç—Ä–∏–≤–∞—Ç–∏–º–µ. –ê–ª–µ –Ω–µ –¥–µ—Å—è—Ç—å —Ä–æ–∫—ñ–≤. –£–∫—Ä–∞—ó–Ω–∞ –Ω–µ –≤–∏—Ç—Ä–∏–º–∞—î... –¶–µ –¥–æ—Ä–æ–≥–æ –∫–æ—à—Ç—É",–Ω—ñ—Ö—Ç–æ –Ω–µ –∑–Ω–∞—î —è–∫ –¥–æ–≤–≥–æ –≤—ñ–π–Ω–∞ —Ç—Ä–∏–≤–∞—Ç–∏–º–µ –∞–ª–µ –Ω–µ –¥–µ—Å—è—Ç—å —Ä–æ–∫—ñ–≤ —É–∫—Ä–∞—ó–Ω–∞ –Ω–µ –≤–∏—Ç—Ä–∏–º–∞—î —Ü–µ –¥–æ—Ä–æ–≥–æ –∫–æ—à—Ç—É—î –¥–ª—è –≤—Å—ñ—Ö –Ω–µ —Ç—ñ–ª—å–∫–∏ –¥–ª—è –¥—Ä—É–∑—ñ–≤ –∞–ª–µ –¥–ª—è –≤–æ—Ä–æ–≥—ñ–≤ –∑–µ–ª–µ–Ω—Å—å–∫–∏–π,2025-05-14,-1,-1_—É–∫—Ä–∞—ó–Ω–∞_—Å–∞–Ω–∫—Ü—ñ—è_—Ä–æ—Å—ñ—è–Ω–∏–Ω_—Ä–æ—Å—ñ—è,–ø–æ–ª—ñ—Ç–∏–∫–∞,negative
https://t.me/ssternenko,"–ß–∏—Å–ª–æ –∂–µ—Ä—Ç–≤ —É –°—É–º–∞—Ö –∑—Ä–æ—Å–ª–æ –¥–æ –¥–≤–æ—Ö. 
–©–µ 6 –ª—é–¥–µ–π –ø–æ—Ä–∞–Ω–µ–Ω—ñ. 

—Ä–æ—Å—ñ—è–Ω–∏ –∑–∞—Å–ª—É–≥–æ–≤—É—é—Ç—å [—Ç—ñ–ª—å–∫–∏ –Ω–∞ —Å–º–µ—Ä—Ç—å.]",—á–∏—Å–ª–æ –∂–µ—Ä—Ç–≤ —Å—É–º–∞—Ö –∑—Ä–æ—Å–ª–æ –¥–æ –¥–≤–æ—Ö —â–µ –ª—é–¥–µ–π –ø–æ—Ä–∞–Ω–µ–Ω—ñ —Ä–æ—Å—ñ—è–Ω–∏ –∑–∞—Å–ª—É–≥–æ–≤—É—é—Ç—å —Ç—ñ–ª—å–∫–∏ –Ω–∞,2025-05-14,-1,-1_—É–∫—Ä–∞—ó–Ω–∞_—Å–∞–Ω–∫—Ü—ñ—è_—Ä–æ—Å—ñ—è–Ω–∏–Ω_—Ä–æ—Å—ñ—è,–ø–æ–ª—ñ—Ç–∏–∫–∞,negative
https://t.me/ssternenko,"–í –°—É–º–∞—Ö –æ–¥–∏–Ω –≤–±–∏—Ç–∏–π, —Å–µ–º–µ—Ä–æ –ª—é–¥–µ–π –ø–æ—Ä–∞–Ω–µ–Ω–æ, ‚Äî –ú–í–ê.

–†–æ—Å—ñ—è–Ω–∏ [–≤–¥–∞—Ä–∏–ª–∏](https://suspilne.media/sumy/10",—Å—É–º–∞—Ö –æ–¥–∏–Ω –≤–±–∏—Ç–∏–π —Å–µ–º–µ—Ä–æ –ª—é–¥–µ–π –ø–æ—Ä–∞–Ω–µ–Ω–æ –º–≤–∞ —Ä–æ—Å—ñ—è–Ω–∏ –ø–æ –æ–±—î–∫—Ç—É –ø—Ä–æ–º–∏—Å–ª–æ–≤–æ—ó —ñ–Ω—Ñ—Ä–∞—Å—Ç—Ä—É–∫—Ç—É—Ä–∏,2025-05-14,-1,-1_—É–∫—Ä–∞—ó–Ω–∞_—Å–∞–Ω–∫—Ü—ñ—è_—Ä–æ—Å—ñ—è–Ω–∏–Ω_—Ä–æ—Å—ñ—è,–ø–æ–ª—ñ—Ç–∏–∫–∞,negative
https://t.me/ssternenko,"–ù–∞ –ö—É—Ä—â–∏–Ω—ñ –ù–µ—Å–∞–º–æ–≤–∏—Ç—ñ 110-—ó –û–ë—Ä–¢—Ä–û —É—Ä–∞–∑–∏–ª–∏ 14 –æ–∫—É–ø–∞–Ω—Ç—ñ–≤ —Ç–∞ 4 –º–æ—Ç–æ—Ü–∏–∫–ª–∏, —è–∫–∏–º–∏ –≤–æ–Ω–∏ —ó–∑–¥–∏–ª–∏ –Ω–∞ —à—Ç—É—Ä–º–∏.",–Ω–∞ –∫—É—Ä—â–∏–Ω—ñ –Ω–µ—Å–∞–º–æ–≤–∏—Ç—ñ 110-—ó –æ–±—Ä—Ç—Ä–æ —É—Ä–∞–∑–∏–ª–∏ 14 –æ–∫—É–ø–∞–Ω—Ç—ñ–≤ —Ç–∞ –º–æ—Ç–æ—Ü–∏–∫–ª–∏ —è–∫–∏–º–∏ –≤–æ–Ω–∏ —ó–∑–¥–∏–ª–∏ –Ω–∞ —à—Ç—É—Ä–º–∏ –≤—Å–µ —á–∞—Å—Ç—ñ—à–µ –Ω–∞ –≤—Å—ñ—Ö –¥—ñ–ª—è–Ω–∫–∞—Ö —Ñ—Ä–æ–Ω—Ç—É –≤–æ—Ä–æ–≥ —à—Ç—É—Ä–º—É—î –Ω–∞ –º–æ—Ç–æ—Ü–∏–∫–ª–∞—Ö —Ç–∞–∫–∞ –º–æ–±—ñ–ª—å–Ω—ñ—Å—Ç—å –¥–∞—î —ó–º –ø–µ–≤–Ω—ñ —É—Å–ø—ñ—Ö–∏ –Ω–∞–π–∫—Ä–∞—â–∏–º –∑–∞—Å–æ–±–æ–º –ø—Ä–æ—Ç–∏–¥—ñ—ó –¥—Ä–æ–Ω–∏ –∑–∞–≤–¥—è–∫–∏ —è–∫–∏–º –º–æ–∂–Ω–∞ –Ω–µ –ª–∏—à–µ –ø—Ä–æ–≤–æ–¥–∏—Ç–∏ –±–µ–∑–ø–æ—Å–µ—Ä–µ–¥–Ω—î —É—Ä–∞–∂–µ–Ω–Ω—è –∑–∞–≤—á–∞—Å–Ω–æ –º—ñ–Ω—É–≤–∞—Ç–∏ –¥–æ—Ä–æ–≥–∏ –¥–æ–ø–æ–º–æ–∂—ñ—Ç—å –Ω–∞—à–∏–º –≤–æ—ó–Ω–∞–º –≤—ñ–¥–±–∏–≤–∞—Ç–∏ –∞—Ç–∞–∫–∏ –¥–æ–Ω–∞—Ç—å—Ç–µ –Ω–∞,2025-05-14,-1,-1_—É–∫—Ä–∞—ó–Ω–∞_—Å–∞–Ω–∫—Ü—ñ—è_—Ä–æ—Å—ñ—è–Ω–∏–Ω_—Ä–æ—Å—ñ—è,–ø–æ–ª—ñ—Ç–∏–∫–∞,positive
https://t.me/ssternenko,"–í–æ—ó–Ω–∏ KOSCHEY GROUP –∑–±–∏–ª–∏ —â–µ 3 –º–µ—Ä–∑–æ—Ç–Ω–∏—Ö —Ä–æ–∑–≤—ñ–¥–ë–ü–õ–êüî™

2 –û—Ä–ª–∞–Ω–∏ —Ç–∞ 1 Zala.

–ù–µ–º–æ–∂–ª–∏–≤–æ –ø–µ—Ä–µ–æ—Ü—ñ–Ω–∏—Ç–∏ –≤–∞–∂",–≤–æ—ó–Ω–∏ koschey group –∑–±–∏–ª–∏ —â–µ –º–µ—Ä–∑–æ—Ç–Ω–∏—Ö —Ä–æ–∑–≤—ñ–¥–±–ø–ª–∞ –æ—Ä–ª–∞–Ω–∏ —Ç–∞ zala –Ω–µ–º–æ–∂–ª–∏–≤–æ –ø–µ—Ä–µ–æ—Ü—ñ–Ω–∏—Ç–∏ –≤–∞–∂–ª–∏–≤—ñ—Å—Ç—å –∑–µ–Ω—ñ—Ç–Ω–∏—Ö –¥—Ä–æ–Ω—ñ–≤ –¥–æ–Ω–∞—Ç—å—Ç–µ –Ω–∞ –Ω–µ–±–µ—Å–Ω–∏–π,2025-05-14,-1,-1_—É–∫—Ä–∞—ó–Ω–∞_—Å–∞–Ω–∫—Ü—ñ—è_—Ä–æ—Å—ñ—è–Ω–∏–Ω_—Ä–æ—Å—ñ—è,–ø–æ–ª—ñ—Ç–∏–∫–∞,negative
https://t.me/ssternenko,"–ü—ñ—Å–ª—è –∑–∞–≤–µ—Ä—à–µ–Ω–Ω—è –≤—ñ–∑–∏—Ç—É –¥–æ –°–∞—É–¥—ñ–≤—Å—å–∫–æ—ó –ê—Ä–∞–≤—ñ—ó –¢—Ä–∞–º–ø –ø–æ–ª–µ—Ç—ñ–≤ —É –ö–∞—Ç–∞—Ä. 

–ê —è–∫—â–æ –∑–∞–≤—Ç—Ä–∞ —É –¢—É—Ä–µ—á—á–∏–Ω—ñ –±—É–¥",–ø—ñ—Å–ª—è –∑–∞–≤–µ—Ä—à–µ–Ω–Ω—è –≤—ñ–∑–∏—Ç—É –¥–æ —Å–∞—É–¥—ñ–≤—Å—å–∫–æ—ó –∞—Ä–∞–≤—ñ—ó —Ç—Ä–∞–º–ø –ø–æ–ª–µ—Ç—ñ–≤ –∫–∞—Ç–∞—Ä —è–∫—â–æ –∑–∞–≤—Ç—Ä–∞ —Ç—É—Ä–µ—á—á–∏–Ω—ñ –±—É–¥–µ –ø—É—Ç—ñ–Ω –º–æ–∂–µ –≤–∏—Ä—É—à–∏—Ç–∏ —Ç—É–¥–∏,2025-05-14,-1,-1_—É–∫—Ä–∞—ó–Ω–∞_—Å–∞–Ω–∫—Ü—ñ—è_—Ä–æ—Å—ñ—è–Ω–∏–Ω_—Ä–æ—Å—ñ—è,–ø–æ–ª—ñ—Ç–∏–∫–∞,negative
https://t.me/ssternenko,"9% –¥–æ–±–æ–≤–æ—ó –Ω–æ—Ä–º–∏ —Ä—É—Å–æ—Ä—ñ–∑—É —Å—Ç–∞–Ω–æ–º –Ω–∞ –∑–∞—Ä–∞–∑ü•≤
—Ä–æ—Å—ñ—è–Ω–∏ –≤–∏–∂–∏–≤—É—Ç—å, —è–∫—â–æ –Ω–µ –±—É–¥–µ [—Ç–≤–æ–≥–æ –¥–æ–Ω–∞—Ç—É!](https://se",–¥–æ–±–æ–≤–æ—ó –Ω–æ—Ä–º–∏ —Ä—É—Å–æ—Ä—ñ–∑—É —Å—Ç–∞–Ω–æ–º –Ω–∞ –∑–∞—Ä–∞–∑ —Ä–æ—Å—ñ—è–Ω–∏ –≤–∏–∂–∏–≤—É—Ç—å —è–∫—â–æ –Ω–µ –±—É–¥–µ —Ç–≤–æ–≥–æ,2025-05-14,-1,-1_—É–∫—Ä–∞—ó–Ω–∞_—Å–∞–Ω–∫—Ü—ñ—è_—Ä–æ—Å—ñ—è–Ω–∏–Ω_—Ä–æ—Å—ñ—è,–ø–æ–ª—ñ—Ç–∏–∫–∞,negative
https://t.me/ssternenko,"–©–µ –æ–¥–∏–Ω —Å–ø–æ—Å—ñ–± –ø—ñ–¥—Ç—Ä–∏–º–∞—Ç–∏ —Ä—É—Å–æ—Ä—ñ–∑ ‚Äî –≤—ñ–¥–∫—Ä–∏—Ç–∏ –¥—Ä—É–∂–Ω—é –±–∞–Ω–∫—É –≤ Monobanküòé

–í—Å–µ –¥—É–∂–µ –ø—Ä–æ—Å—Ç–æ —Ç–∞ —à–≤–∏–¥–∫–æ. –ü–æ",—â–µ –æ–¥–∏–Ω —Å–ø–æ—Å—ñ–± –ø—ñ–¥—Ç—Ä–∏–º–∞—Ç–∏ —Ä—É—Å–æ—Ä—ñ–∑ –≤—ñ–¥–∫—Ä–∏—Ç–∏ –¥—Ä—É–∂–Ω—é –±–∞–Ω–∫—É monobank –≤—Å–µ –¥—É–∂–µ –ø—Ä–æ—Å—Ç–æ —Ç–∞ —à–≤–∏–¥–∫–æ –ø–æ–∫—Ä–æ–∫–æ–≤–∞ —ñ–Ω—Å—Ç—Ä—É–∫—Ü—ñ—è —è–∫ —Ü–µ –∑—Ä–æ–±–∏—Ç–∏ –Ω–∞ –≥—Ä–∞—Ñ—ñ—Ü—ñ 1000 3000 —á–∏ 50 000 –≥—Ä–∏–≤–µ–Ω—å –º–µ—Ç—É –±–∞–Ω–∫–∏ –æ–±–∏—Ä–∞–π—Ç–µ —Å–∞–º–æ—Å—Ç—ñ–π–Ω–æ –±—É–¥—å-—è–∫–∞ —Å—É–º–∞ –≤–∞–∂–ª–∏–≤–∞ –Ω–∞–±–ª–∏–∂–∞—î –¥—Ä–æ–Ω –ø–∏–∫—É –æ–∫—É–ø–∞–Ω—Ç–∞ –≤—ñ–¥–∫—Ä–∏–≤–∞–π—Ç–µ —Å–≤–æ—ó —Ç–∞ –¥–æ–ø–æ–º–∞–≥–∞–π—Ç–µ —Å–ø—ñ–ª—å–Ω–æ—Ç—ñ –∑—Ä–æ—Å—Ç–∞—Ç–∏ –∞–¥–∂–µ —Ä–∞–∑–æ–º —ñ–∑ –Ω–∞–º–∏ –∑—Ä–æ—Å—Ç–∞—î —Ä—É—Å–æ—Ä—ñ–∑,2025-05-14,-1,-1_—É–∫—Ä–∞—ó–Ω–∞_—Å–∞–Ω–∫—Ü—ñ—è_—Ä–æ—Å—ñ—è–Ω–∏–Ω_—Ä–æ—Å—ñ—è,–ø–æ–ª—ñ—Ç–∏–∫–∞,positive
https://t.me/ssternenko,"–í –Ü—Å–ø–∞–Ω—ñ—ó –∑–∞—Ç—Ä–∏–º–∞–ª–∏ –∫–æ–ª–∏—à–Ω—å–æ–≥–æ –ø–µ—Ä—à–æ–≥–æ –∑–∞—Å—Ç—É–ø–Ω–∏–∫–∞ —Å–µ–∫—Ä–µ—Ç–∞—Ä—è –†–ù–ë–û –û–ª–µ–≥–∞ –ì–ª–∞–¥–∫–æ–≤—Å—å–∫–æ–≥–æ, ‚Äî –ù–ê–ë–£. 

¬´–ó–∞—Ç",—ñ—Å–ø–∞–Ω—ñ—ó –∑–∞—Ç—Ä–∏–º–∞–ª–∏ –∫–æ–ª–∏—à–Ω—å–æ–≥–æ –ø–µ—Ä—à–æ–≥–æ –∑–∞—Å—Ç—É–ø–Ω–∏–∫–∞ —Å–µ–∫—Ä–µ—Ç–∞—Ä—è —Ä–Ω–±–æ –æ–ª–µ–≥–∞ –≥–ª–∞–¥–∫–æ–≤—Å—å–∫–æ–≥–æ –Ω–∞–±—É –∑–∞—Ç—Ä–∏–º–∞–Ω–∏–π —Å–ø—ñ–ª—å–Ω–æ –µ–∫—Å–∑–∞—Å—Ç—É–ø–Ω–∏–∫–æ–º –º—ñ–Ω—ñ—Å—Ç—Ä–∞ –æ–±–æ—Ä–æ–Ω–∏ —Ç–∞ –¥–∏—Ä–µ–∫—Ç–æ—Ä–æ–º –¥–µ–ø–∞—Ä—Ç–∞–º–µ–Ω—Ç—É –º—ñ–Ω—ñ—Å—Ç–µ—Ä—Å—Ç–≤–∞ –æ–±–æ—Ä–æ–Ω–∏ –æ–±–≤–∏–Ω—É–≤–∞—á—É—î—Ç—å—Å—è –æ—Ä–≥–∞–Ω—ñ–∑–∞—Ü—ñ—ó –∑–∞–∫—É–ø—ñ–≤–ª—ñ –º–µ–∂–∞—Ö –¥–µ—Ä–∂–∞–≤–Ω–æ–≥–æ –æ–±–æ—Ä–æ–Ω–Ω–æ–≥–æ –∑–∞–º–æ–≤–ª–µ–Ω–Ω—è –≤–∞–Ω—Ç–∞–∂–Ω–∏—Ö –∞–≤—Ç–æ–º–æ–±—ñ–ª—ñ–≤ –ø—ñ–¥–≤–∏—â–µ–Ω–æ—ó –ø—Ä–æ—Ö—ñ–¥–Ω–æ—Å—Ç—ñ –∑–∞ –∑–∞–≤–∏—â–µ–Ω–∏–º–∏ —Ü—ñ–Ω–∞–º–∏ —â–æ –ø—Ä–∏–∑–≤–µ–ª–æ –¥–æ –ø–æ–Ω–∞–¥ 17 –º–ª–Ω –≥—Ä–Ω –∑–±–∏—Ç–∫—ñ–≤ –¥–µ—Ä–∂–∞–≤—ñ –≤–∏—Ä—ñ—à—É—î—Ç—å—Å—è –ø–∏—Ç–∞–Ω–Ω—è —â–æ–¥–æ –µ–∫—Å—Ç—Ä–∞–¥–∏—Ü—ñ—ó –æ—Å–æ–±–∏ –¥–æ —É–∫—Ä–∞—ó–Ω–∏,2025-05-14,-1,-1_—É–∫—Ä–∞—ó–Ω–∞_—Å–∞–Ω–∫—Ü—ñ—è_—Ä–æ—Å—ñ—è–Ω–∏–Ω_—Ä–æ—Å—ñ—è,–ø–æ–ª—ñ—Ç–∏–∫–∞,negative
https://t.me/ssternenko,"–¢—Ä–∞–º–ø –∑—É—Å—Ç—Ä—ñ–≤—Å—è –∑ –ª—ñ–¥–µ—Ä–æ–º –°–∏—Ä—ñ—ó –ê—Ö–º–µ–¥–æ–º –∞–ª—å-–®–∞—Ä–∞–∞ —ñ –∑–∞—è–≤–∏–≤, —â–æ —Å–∫–∞—Å—É—î —Å–∞–Ω–∫—Ü—ñ—ó –ø—Ä–æ—Ç–∏ –∫—Ä–∞—ó–Ω–∏, –∞–±–∏ ¬´–¥–∞—Ç",—Ç—Ä–∞–º–ø –∑—É—Å—Ç—Ä—ñ–≤—Å—è –ª—ñ–¥–µ—Ä–æ–º —Å–∏—Ä—ñ—ó –∞—Ö–º–µ–¥–æ–º –∞–ª—å-—à–∞—Ä–∞–∞ –∑–∞—è–≤–∏–≤ —â–æ —Å–∫–∞—Å—É—î —Å–∞–Ω–∫—Ü—ñ—ó –ø—Ä–æ—Ç–∏ –∫—Ä–∞—ó–Ω–∏ –∞–±–∏ –¥–∞—Ç–∏ —ó–º —à–∞–Ω—Å –Ω–∞ –≤–µ–ª–∏—á —ñ–∑—Ä–∞—ó–ª—å –≤–∏—Å—Ç—É–ø–∞–≤ –ø—Ä–æ—Ç–∏ –∞–ª–µ –∑–∞ —Å–ª–æ–≤–∞–º–∏ —Ç—Ä–∞–º–ø–∞ –Ω–∞—Å–ª—ñ–¥–Ω–∏–π –ø—Ä–∏–Ω—Ü —Å–∞—É–¥—ñ–≤—Å—å–∫–æ—ó –∞—Ä–∞–≤—ñ—ó –º—É—Ö–∞–º–º–µ–¥ –±—ñ–Ω —Å–∞–ª–º–∞–Ω —Ç–∞ –ø—Ä–µ–∑–∏–¥–µ–Ω—Ç —Ç—É—Ä–µ—á—á–∏–Ω–∏ –µ—Ä–¥–æ–≥–∞–Ω –∑–∞–∫–ª–∏–∫–∞–ª–∏ –π–æ–≥–æ –ø—ñ—Ç–∏ –Ω–∞ —Ü–µ–π –∫—Ä–æ–∫ –¥–ª—è –∞–ª—å-—à–∞—Ä–∞–∞ —Ü–µ –∑–Ω–∞—á–Ω–∞ –ø–µ—Ä–µ–º–æ–≥–∞ —â–µ –±–ª–∏–∑—å–∫–æ 20 —Ä–æ–∫—ñ–≤ —Ç–æ–º—É –≤—ñ–Ω –ø–µ—Ä–µ–±—É–≤–∞–≤ –∞–º–µ—Ä–∏–∫–∞–Ω—Å—å–∫—ñ–π —Ç—é—Ä–º—ñ –¥—Ä—É–≥–µ —Ñ–æ—Ç–æ,2025-05-14,-1,-1_—É–∫—Ä–∞—ó–Ω–∞_—Å–∞–Ω–∫—Ü—ñ—è_—Ä–æ—Å—ñ—è–Ω–∏–Ω_—Ä–æ—Å—ñ—è,–ø–æ–ª—ñ—Ç–∏–∫–∞,negative
https://t.me/ssternenko,"–©–µ –æ–¥–∏–Ω Supercam —É–ø–∞–≤üî™

–í–æ—ó–Ω–∏ [WU Samurai](https://t.me/wu_samurai) –ø—Ä–æ–¥–æ–≤–∂—É—é—Ç—å –∑–±–∏–≤–∞—Ç–∏ —Ä–æ–∑–≤—ñ–¥—É–≤–∞–ª—å–Ω",—â–µ –æ–¥–∏–Ω supercam —É–ø–∞–≤ –≤–æ—ó–Ω–∏ wu –ø—Ä–æ–¥–æ–≤–∂—É—é—Ç—å –∑–±–∏–≤–∞—Ç–∏ —Ä–æ–∑–≤—ñ–¥—É–≤–∞–ª—å–Ω—ñ –∫—Ä–∏–ª–∞ —è–∫–∏–º–∏ –≤–æ—Ä–æ–≥ –Ω–∞–º–∞–≥–∞—î—Ç—å—Å—è –ø—Ä–æ–≤–æ–¥–∏—Ç–∏ —Ä–æ–∑–≤—ñ–¥–∫—É –Ω–∞—à–∏—Ö –ø–æ–∑–∏—Ü—ñ–π –¥–æ–ª—É—á–∞–π—Ç–µ—Å—è –¥–æ –Ω–µ–±–µ—Å–Ω–æ–≥–æ,2025-05-14,-1,-1_—É–∫—Ä–∞—ó–Ω–∞_—Å–∞–Ω–∫—Ü—ñ—è_—Ä–æ—Å—ñ—è–Ω–∏–Ω_—Ä–æ—Å—ñ—è,–ø–æ–ª—ñ—Ç–∏–∫–∞,negative
https://t.me/ssternenko,"–ü–æ—Å–ª–∏ –Ñ–° —Å—Ö–≤–∞–ª–∏–ª–∏ 17-–π –ø–∞–∫–µ—Ç —Å–∞–Ω–∫—Ü—ñ–π –ø—Ä–æ—Ç–∏ —Ä–æ—Å—ñ—ó, ‚Äî —î–≤—Ä–æ–ø–µ–π—Å—å–∫–∏–π —Ä–µ–¥–∞–∫—Ç–æ—Ä –†–∞–¥—ñ–æ –°–≤–æ–±–æ–¥–∞ –†—ñ–∫–∞—Ä–¥ –ô–æ–∑–≤—è",–ø–æ—Å–ª–∏ —î—Å —Å—Ö–≤–∞–ª–∏–ª–∏ 17-–π –ø–∞–∫–µ—Ç —Å–∞–Ω–∫—Ü—ñ–π –ø—Ä–æ—Ç–∏ —Ä–æ—Å—ñ—ó —î–≤—Ä–æ–ø–µ–π—Å—å–∫–∏–π —Ä–µ–¥–∞–∫—Ç–æ—Ä —Ä–∞–¥—ñ–æ —Å–≤–æ–±–æ–¥–∞ —Ä—ñ–∫–∞—Ä–¥ –π–æ–∑–≤—è–∫ –ø–∞—Ä–∞–ª–µ–ª—å–Ω–æ –≤–æ–Ω–∏ —Ç–∞–∫–æ–∂ –∑–∞—Ç–≤–µ—Ä–¥–∏–ª–∏ –¥–æ–¥–∞—Ç–∫–æ–≤—ñ —Å–∞–Ω–∫—Ü—ñ—ó –ø—Ä–æ—Ç–∏ —Ä–æ—Å—ñ—ó –∑–∞ –ø–æ—Ä—É—à–µ–Ω–Ω—è –ø—Ä–∞–≤ –ª—é–¥–∏–Ω–∏ –≥—ñ–±—Ä–∏–¥–Ω—ñ –≤—Ç—Ä—É—á–∞–Ω–Ω—è –ø–æ –≤—Å—å–æ–º—É —Å–≤—ñ—Ç—É —Ç–∞ —Ä–æ–∑–ø–æ–≤—Å—é–¥–∂–µ–Ω–Ω—è —Ö—ñ–º—ñ—á–Ω–æ—ó –∑–±—Ä–æ—ó upd —Å–∞–Ω–∫—Ü—ñ—ó —Ç–æ—Ä–∫–Ω—É—Ç—å—Å—è –º–∞–π–∂–µ 200 —Å—É–¥–µ–Ω —Ç—ñ–Ω—å–æ–≤–æ–≥–æ —Ñ–ª–æ—Ç—É —Ä—Ñ –≤–∫–ª—é—á–∞—é—á–∏ —Ç–∞–Ω–∫–µ—Ä–∏ –¥–æ —Å–ø–∏—Å–∫—É –≤–∫–ª—é—á–µ–Ω—ñ 30 —Ñ—ñ—Ä–º —â–æ –±—É–ª–∏ –∑–∞–ª—É—á–µ–Ω—ñ –¥–æ –æ–±–º–∏–Ω–∞–Ω–Ω—è —Å–∞–Ω–∫—Ü—ñ–π –∑–æ–∫—Ä–µ–º–∞ —â–æ–¥–æ –≤–∏–∫–æ—Ä–∏—Å—Ç–∞–Ω–Ω—è —Ç–æ–≤–∞—Ä—ñ–≤ –ø–æ–¥–≤—ñ–π–Ω–æ–≥–æ –ø—Ä–∏–∑–Ω–∞—á–µ–Ω–Ω—è —Ç–∞–∫–æ–∂ –±—É–¥—É—Ç—å –∑–∞—Å—Ç–æ—Å–æ–≤–∞–Ω—ñ —ñ–Ω–¥–∏–≤—ñ–¥—É–∞–ª—å–Ω—ñ —Å–∞–Ω–∫—Ü—ñ—ó –ø—Ä–æ—Ç–∏ 75 –æ—Å—ñ–± —Ç–∞ –∫–æ–º–ø–∞–Ω—ñ–π —â–æ –ø–æ–≤—è–∑–∞–Ω—ñ —ñ–∑ —Ä–æ—Å—ñ–π—Å—å–∫–∏–º –≤–ø–∫,2025-05-14,-1,-1_—É–∫—Ä–∞—ó–Ω–∞_—Å–∞–Ω–∫—Ü—ñ—è_—Ä–æ—Å—ñ—è–Ω–∏–Ω_—Ä–æ—Å—ñ—è,–ø–æ–ª—ñ—Ç–∏–∫–∞,negative
https://t.me/ssternenko,"**‚ÄúApachi‚Äù –ø—Ä–∞—Ü—é—é—Ç—å —á—ñ—Ç–∫–æ.**
–í–æ—Ä–æ–∂–µ —É–∫—Ä–∏—Ç—Ç—è? –¢–µ–ø–µ—Ä —Ü–µ –±—Ä–∞—Ç—Å—å–∫–∞ –º–æ–≥–∏–ª–∞.
–ü—ñ—Ö–æ—Ç–∞? –ü—ñ—Å–ª—è –∑—É—Å—Ç—Ä—ñ—á—ñ –∑ –Ω–∞–º–∏",apachi –ø—Ä–∞—Ü—é—é—Ç—å —á—ñ—Ç–∫–æ –≤–æ—Ä–æ–∂–µ —É–∫—Ä–∏—Ç—Ç—è —Ç–µ–ø–µ—Ä —Ü–µ –±—Ä–∞—Ç—Å—å–∫–∞ –º–æ–≥–∏–ª–∞ –ø—ñ—Ö–æ—Ç–∞ –ø—ñ—Å–ª—è –∑—É—Å—Ç—Ä—ñ—á—ñ –Ω–∞–º–∏ –≤–∂–µ —Å—Ç–∞—Ç–∏—Å—Ç–∏–∫–∞ –±–µ–∑ –≥—É—á–Ω–∏—Ö —Å–ª—ñ–≤ –ø—Ä–æ—Å—Ç–æ —Ä–æ–±–æ—Ç–∞ 81 –æ–∞–µ–º–±—Ä –º–∏ –Ω–µ –∑–∞–ª–∏—à–∞—î–º–æ —à–∞–Ω—Å—ñ–≤ –º–∏ –ø—Ä–æ–¥–æ–≤–∂—É—î–º–æ –∑–±–∏—Ä–∞—Ç–∏ –∫–æ—à—Ç–∏ –Ω–∞ –ø–æ—Ç–æ—á–Ω–∏–π –∫–æ–∂–Ω–∞ –≥—Ä–∏–≤–Ω—è –¥–æ–ø–æ–º–æ–∂–µ –≤–±–∏—Ç–∏ –ø—ñ–¥–∞—Ä–∞ apachi –ø—Ä–∞—Ü—é—î –ø—Ä–∞—Ü—é—î –¥–æ –∫—ñ–Ω—Ü—è,2025-05-14,-1,-1_—É–∫—Ä–∞—ó–Ω–∞_—Å–∞–Ω–∫—Ü—ñ—è_—Ä–æ—Å—ñ—è–Ω–∏–Ω_—Ä–æ—Å—ñ—è,–ø–æ–ª—ñ—Ç–∏–∫–∞,positive
https://t.me/ssternenko,"–Ø–∫—â–æ –ø—É—Ç—ñ–Ω –ø—Ä–∏—ó–¥–µ —É –°—Ç–∞–º–±—É–ª, —Ç–æ —Ä–µ–∑—É–ª—å—Ç–∞—Ç–æ–º –∑—É—Å—Ç—Ä—ñ—á—ñ –º–∞—î —Å—Ç–∞—Ç–∏ –ø—Ä–∏–ø–∏–Ω–µ–Ω–Ω—è –≤–æ–≥–Ω—é —Ç–∞ –æ–±–º—ñ–Ω —É—Å—ñ–º–∞ –ø–æ–ª–æ–Ω",—è–∫—â–æ –ø—É—Ç—ñ–Ω –ø—Ä–∏—ó–¥–µ —Å—Ç–∞–º–±—É–ª —Ç–æ —Ä–µ–∑—É–ª—å—Ç–∞—Ç–æ–º –∑—É—Å—Ç—Ä—ñ—á—ñ –º–∞—î —Å—Ç–∞—Ç–∏ –ø—Ä–∏–ø–∏–Ω–µ–Ω–Ω—è –≤–æ–≥–Ω—é —Ç–∞ –æ–±–º—ñ–Ω —É—Å—ñ–º–∞ –ø–æ–ª–æ–Ω–µ–Ω–∏–º–∏ –∑–µ–ª–µ–Ω—Å—å–∫–∏–π –ø—Ä–µ–∑–∏–¥–µ–Ω—Ç –∑–∞–∑–Ω–∞—á–∏–≤ —â–æ —Ä–æ—Å—ñ—è–Ω–∏ –Ω–µ –¥–æ–≤—ñ—Ä—è—Ç–∏–º—É—Ç—å —É–∫—Ä–∞—ó–Ω—Ü—è–º —É–∫—Ä–∞—ó–Ω—Ü—ñ —Ä–æ—Å—ñ—è–Ω–∞–º —Ç–æ–∂ –ª–∏—à–µ –∑–æ–≤–Ω—ñ—à–Ω—ñ –ø–æ—Å–µ—Ä–µ–¥–Ω–∏–∫–∏ –º–æ–∂—É—Ç—å –≥–∞—Ä–∞–Ω—Ç—É–≤–∞—Ç–∏ –¥–æ—Ç—Ä–∏–º–∞–Ω–Ω—è –≤—Å—ñ—Ö –¥–æ–º–æ–≤–ª–µ–Ω–æ—Å—Ç–µ–π,2025-05-14,-1,-1_—É–∫—Ä–∞—ó–Ω–∞_—Å–∞–Ω–∫—Ü—ñ—è_—Ä–æ—Å—ñ—è–Ω–∏–Ω_—Ä–æ—Å—ñ—è,–ø–æ–ª—ñ—Ç–∏–∫–∞,negative
https://t.me/ssternenko,"üòí–°—å–æ–≥–æ–¥–Ω—ñ –≤—Ä–∞–Ω—Ü—ñ –º–∏ –¥—ñ–∑–Ω–∞–ª–∏—Å—è –ø–æ–≥–∞–Ω—É –Ω–æ–≤–∏–Ω—É ‚Äî —Ä–æ—Å—ñ—è–Ω–∏, –Ω–∞ –∂–∞–ª—å, –¥–æ—Å—ñ —î –∂–∏–≤—ñ. –¶–µ –º–µ—Ä–∑–µ–Ω–Ω–æ —Ç–∞ –æ–≥–∏–¥–Ω–æ. ",—Å—å–æ–≥–æ–¥–Ω—ñ –≤—Ä–∞–Ω—Ü—ñ –º–∏ –¥—ñ–∑–Ω–∞–ª–∏—Å—è –ø–æ–≥–∞–Ω—É –Ω–æ–≤–∏–Ω—É —Ä–æ—Å—ñ—è–Ω–∏ –Ω–∞ –∂–∞–ª—å –¥–æ—Å—ñ –∂–∏–≤—ñ —Ü–µ –º–µ—Ä–∑–µ–Ω–Ω–æ —Ç–∞ –æ–≥–∏–¥–Ω–æ —Ç–∞–∫ –Ω–µ –º–∞—î –±—É—Ç–∏ –¥–ª—è –≤–∏–Ω–∏—â–µ–Ω–Ω—è —Ä–æ—Å—ñ—è–Ω –Ω–µ–≥–∞–π–Ω–æ –¥—ñ–ª—ñ—Ç—å—Å—è —Ä–∞–Ω–∫–æ–≤–æ—é,2025-05-14,-1,-1_—É–∫—Ä–∞—ó–Ω–∞_—Å–∞–Ω–∫—Ü—ñ—è_—Ä–æ—Å—ñ—è–Ω–∏–Ω_—Ä–æ—Å—ñ—è,–ø–æ–ª—ñ—Ç–∏–∫–∞,negative
https://t.me/ssternenko,–ù–∞ –†—ñ–≤–Ω–µ–Ω—â–∏–Ω—ñ –≤–Ω–∞—Å–ª—ñ–¥–æ–∫ —Ä–æ—Å—ñ–π—Å—å–∫–æ—ó –∞—Ç–∞–∫–∏ –ë–ü–õ–ê –ø–æ—Ä–∞–Ω–µ–Ω—ñ –¥–≤–æ—î –ª—é–¥–µ–π. –Ñ –Ω–µ–∑–Ω–∞—á–Ω—ñ —Ä—É–π–Ω—É–≤–∞–Ω–Ω—è —Ü–∏–≤—ñ–ª—å–Ω–æ—ó —ñ,–Ω–∞ —Ä—ñ–≤–Ω–µ–Ω—â–∏–Ω—ñ –≤–Ω–∞—Å–ª—ñ–¥–æ–∫ —Ä–æ—Å—ñ–π—Å—å–∫–æ—ó –∞—Ç–∞–∫–∏ –±–ø–ª–∞ –ø–æ—Ä–∞–Ω–µ–Ω—ñ –¥–≤–æ—î –ª—é–¥–µ–π –Ω–µ–∑–Ω–∞—á–Ω—ñ —Ä—É–π–Ω—É–≤–∞–Ω–Ω—è —Ü–∏–≤—ñ–ª—å–Ω–æ—ó —ñ–Ω—Ñ—Ä–∞—Å—Ç—Ä—É–∫—Ç—É—Ä–∏ –æ–≤–∞ –Ω—ñ–∫–æ–ø–æ–ª—å—â–∏–Ω—É —Ä–æ—Å—ñ—è–Ω–∏ –∞—Ç–∞–∫—É–≤–∞–ª–∏ fpv-–¥—Ä–æ–Ω–∞–º–∏ —Ç–∞ –∞—Ä—Ç–∏–ª–µ—Ä—ñ—î—é –ª—é–¥–∏ –Ω–µ –ø–æ—Å—Ç—Ä–∞–∂–¥–∞–ª–∏ –ø–æ—à–∫–æ–¥–∂–µ–Ω—ñ –º–∞–≥–∞–∑–∏–Ω–∏ –ª–∞–±–æ—Ä–∞—Ç–æ—Ä—ñ—è –±–∞–≥–∞—Ç–æ–∫–≤–∞—Ä—Ç–∏—Ä–Ω–∏–π –±—É–¥–∏–Ω–æ–∫ –ª—ñ–Ω—ñ—è –µ–ª–µ–∫—Ç—Ä–æ–ø–µ—Ä–µ–¥–∞—á,2025-05-14,-1,-1_—É–∫—Ä–∞—ó–Ω–∞_—Å–∞–Ω–∫—Ü—ñ—è_—Ä–æ—Å—ñ—è–Ω–∏–Ω_—Ä–æ—Å—ñ—è,–ø–æ–ª—ñ—Ç–∏–∫–∞,negative
https://t.me/business_ua,**–ë–∞–Ω–∫–∏ –º–æ–∂—É—Ç—å –ø–æ–º‚Äô—è–∫—à–∏—Ç–∏ –ª—ñ–º—ñ—Ç–∏ –Ω–∞ –†2–† –ø–µ—Ä–µ–∫–∞–∑–∏ –ø—ñ—Å–ª—è —Å—Ç–≤–æ—Ä–µ–Ω–Ω—è —Ä–µ—î—Å—Ç—Ä—É –¥—Ä–æ–ø—ñ–≤ **‚Äì –ù–ê–ë–£. [**__„Ö§__**,–±–∞–Ω–∫–∏ –º–æ–∂—É—Ç—å –ø–æ–º—è–∫—à–∏—Ç–∏ –ª—ñ–º—ñ—Ç–∏ –Ω–∞ —Ä2—Ä –ø–µ—Ä–µ–∫–∞–∑–∏ –ø—ñ—Å–ª—è —Å—Ç–≤–æ—Ä–µ–Ω–Ω—è —Ä–µ—î—Å—Ç—Ä—É –¥—Ä–æ–ø—ñ–≤ –Ω–∞–±—É –ø—Ä–æ,2025-05-14,-1,-1_—É–∫—Ä–∞—ó–Ω–∞_—Å–∞–Ω–∫—Ü—ñ—è_—Ä–æ—Å—ñ—è–Ω–∏–Ω_—Ä–æ—Å—ñ—è,–ø–æ–ª—ñ—Ç–∏–∫–∞,negative
https://t.me/business_ua,‚ùóÔ∏è**BTC-—Ä–µ–∑–µ—Ä–≤—É –≤ –£–∫—Ä–∞—ó–Ω—ñ –±—É—Ç–∏. **–Ü–Ω—Ñ–æ—Ä–º–∞—Ü—ñ—é –ø—Ä–æ —Å—Ç–≤–æ—Ä–µ–Ω–Ω—è —Å—Ç—Ä–∞—Ç–µ–≥—ñ—á–Ω–æ–≥–æ BTC-—Ä–µ–∑–µ—Ä–≤—É –≤ –£–∫—Ä–∞—ó–Ω—ñ –ø—ñ–¥—Ç–≤,btc-—Ä–µ–∑–µ—Ä–≤—É —É–∫—Ä–∞—ó–Ω—ñ –±—É—Ç–∏ —ñ–Ω—Ñ–æ—Ä–º–∞—Ü—ñ—é –ø—Ä–æ —Å—Ç–≤–æ—Ä–µ–Ω–Ω—è —Å—Ç—Ä–∞—Ç–µ–≥—ñ—á–Ω–æ–≥–æ btc-—Ä–µ–∑–µ—Ä–≤—É —É–∫—Ä–∞—ó–Ω—ñ –ø—ñ–¥—Ç–≤–µ—Ä–¥–∏–≤ –Ω–∞—Ä–¥–µ–ø –∂–µ–ª–µ–∑–Ω—è–∫ –≤—ñ–Ω –ø–æ–≤—ñ–¥–æ–º–∏–≤ —â–æ –Ω–∞–π–±–ª–∏–∂—á–∏–º —á–∞—Å–æ–º –ø–ª–∞–Ω—É—î –ø–æ–¥–∞—Ç–∏ –≤—ñ–¥–ø–æ–≤—ñ–¥–Ω–∏–π –∑–∞–∫–æ–Ω–æ–ø—Ä–æ—î–∫—Ç –ø–æ–∫–∏ —â–æ —Ç–µ–∫—Å—Ç –ø–µ—Ä–µ–±—É–≤–∞—î –Ω–∞ —Å—Ç–∞–¥—ñ—ó –¥–æ–æ–ø—Ä–∞—Ü—é–≤–∞–Ω–Ω—è –ø—Ä–æ,2025-05-14,-1,-1_—É–∫—Ä–∞—ó–Ω–∞_—Å–∞–Ω–∫—Ü—ñ—è_—Ä–æ—Å—ñ—è–Ω–∏–Ω_—Ä–æ—Å—ñ—è,–ø–æ–ª—ñ—Ç–∏–∫–∞,negative
https://t.me/business_ua,–¢—Ä–∞–º–ø: **–°—å–æ–≥–æ–¥–Ω—ñ –º–æ–∂—É—Ç—å –∑‚Äô—è–≤–∏—Ç–∏—Å—è –Ω–æ–≤–∏–Ω–∏ —â–æ–¥–æ —Ä–æ—Å—ñ—ó —Ç–∞ –£–∫—Ä–∞—ó–Ω–∏**. [**__„Ö§__**](https://t.me/+U5UEb9-,—Ç—Ä–∞–º–ø —Å—å–æ–≥–æ–¥–Ω—ñ –º–æ–∂—É—Ç—å –∑—è–≤–∏—Ç–∏—Å—è –Ω–æ–≤–∏–Ω–∏ —â–æ–¥–æ —Ä–æ—Å—ñ—ó —Ç–∞ —É–∫—Ä–∞—ó–Ω–∏ –ø—Ä–æ,2025-05-14,-1,-1_—É–∫—Ä–∞—ó–Ω–∞_—Å–∞–Ω–∫—Ü—ñ—è_—Ä–æ—Å—ñ—è–Ω–∏–Ω_—Ä–æ—Å—ñ—è,–ø–æ–ª—ñ—Ç–∏–∫–∞,neutral
https://t.me/business_ua,"**–£–≥–æ–¥–∞ –ø—Ä–æ —Ä–µ—Å—É—Ä—Å–∏, —è–∫—É –¢—Ä–∞–º–ø —É–∫–ª–∞–≤ –∑ –£–∫—Ä–∞—ó–Ω–æ—é, –Ω–µ –ø—Ä–∏–≤–µ–¥–µ –¥–æ –±–µ–∑–ø–æ—Å–µ—Ä–µ–¥–Ω—å–æ–≥–æ –≤–∏–¥–æ–±—É—Ç–∫—É –∫–æ—Ä–∏—Å–Ω–∏—Ö –∫–æ",—É–≥–æ–¥–∞ –ø—Ä–æ —Ä–µ—Å—É—Ä—Å–∏ —è–∫—É —Ç—Ä–∞–º–ø —É–∫–ª–∞–≤ —É–∫—Ä–∞—ó–Ω–æ—é –Ω–µ –ø—Ä–∏–≤–µ–¥–µ –¥–æ –±–µ–∑–ø–æ—Å–µ—Ä–µ–¥–Ω—å–æ–≥–æ –≤–∏–¥–æ–±—É—Ç–∫—É –∫–æ—Ä–∏—Å–Ω–∏—Ö –∫–æ–ø–∞–ª–∏–Ω —â–æ–Ω–∞–π–º–µ–Ω—à–µ –ø—Ä–æ—Ç—è–≥–æ–º 10-15 —Ä–æ–∫—ñ–≤ financial times —Ü—è —É–≥–æ–¥–∞ —Ç–∞–∫–æ–∂ –ø–æ—Ç—Ä–µ–±—É–≤–∞—Ç–∏–º–µ –≤–µ–ª–∏—á–µ–∑–Ω–∏—Ö —ñ–Ω–≤–µ—Å—Ç–∏—Ü—ñ–π –ø—Ä–∏–≤–∞—Ç–Ω–æ–≥–æ —Å–µ–∫—Ç–æ—Ä—É –¥–ª—è –∑–∞–ø—É—Å–∫—É –ø—Ä–æ—î–∫—Ç—ñ–≤ –ø—Ä–æ,2025-05-14,-1,-1_—É–∫—Ä–∞—ó–Ω–∞_—Å–∞–Ω–∫—Ü—ñ—è_—Ä–æ—Å—ñ—è–Ω–∏–Ω_—Ä–æ—Å—ñ—è,–ø–æ–ª—ñ—Ç–∏–∫–∞,negative
https://t.me/business_ua,**–£–∫—Ä–∞—ó–Ω—Å—å–∫–∏–π –ø–∞—Ä–ª–∞–º–µ–Ω—Ç –ø–ª–∞–Ω—É—î –∑–∞–ø—É—Å—Ç–∏—Ç–∏ –Ω–∞—Ü—ñ–æ–Ω–∞–ª—å–Ω–∏–π —Å—Ç—Ä–∞—Ç–µ–≥—ñ—á–Ω–∏–π BTC-—Ä–µ–∑–µ—Ä–≤ –∑–∞ –ø—ñ–¥—Ç—Ä–∏–º–∫–∏ Binance**,—É–∫—Ä–∞—ó–Ω—Å—å–∫–∏–π –ø–∞—Ä–ª–∞–º–µ–Ω—Ç –ø–ª–∞–Ω—É—î –∑–∞–ø—É—Å—Ç–∏—Ç–∏ –Ω–∞—Ü—ñ–æ–Ω–∞–ª—å–Ω–∏–π —Å—Ç—Ä–∞—Ç–µ–≥—ñ—á–Ω–∏–π btc-—Ä–µ–∑–µ—Ä–≤ –∑–∞ –ø—ñ–¥—Ç—Ä–∏–º–∫–∏ binance —á—É—Ç–∫–∏ —Å–æ—Ü–º–µ—Ä–µ–∂—ñ –∑–∞–±–∏—Ä–∞–π—Ç–µ –±–µ–∑–∫–æ—à—Ç–æ–≤–Ω–∏–π –±–æ–Ω—É—Å 4000$ –≤—ñ–¥ –Ω–∞–π–±—ñ–ª—å—à–æ—ó –∫—Ä–∏–ø—Ç–æ–±—ñ—Ä–∂–∏ –∑–∞ —Ä–µ—î—Å—Ç—Ä–∞—Ü—ñ—é –ø—Ä–æ,2025-05-14,-1,-1_—É–∫—Ä–∞—ó–Ω–∞_—Å–∞–Ω–∫—Ü—ñ—è_—Ä–æ—Å—ñ—è–Ω–∏–Ω_—Ä–æ—Å—ñ—è,–ø–æ–ª—ñ—Ç–∏–∫–∞,negative
https://t.me/business_ua,"–í –£–∫—Ä–∞—ó–Ω—ñ –ø—Ä–æ–¥—É–∫—Ç–∏ –ø–æ–¥–æ—Ä–æ–∂—á–∞–ª–∏ –≤—ñ–¥ 10% –¥–æ 270% –∑–∞ —Ä—ñ–∫, ‚Äî –î–µ—Ä–∂—Å—Ç–∞—Ç. [@beneficiarua](https://t.me/+kwE",—É–∫—Ä–∞—ó–Ω—ñ –ø—Ä–æ–¥—É–∫—Ç–∏ –ø–æ–¥–æ—Ä–æ–∂—á–∞–ª–∏ –≤—ñ–¥ 10 –¥–æ 270 –∑–∞ —Ä—ñ–∫ –¥–µ—Ä–∂—Å—Ç–∞—Ç,2025-05-14,-1,-1_—É–∫—Ä–∞—ó–Ω–∞_—Å–∞–Ω–∫—Ü—ñ—è_—Ä–æ—Å—ñ—è–Ω–∏–Ω_—Ä–æ—Å—ñ—è,–ø–æ–ª—ñ—Ç–∏–∫–∞,positive
https://t.me/business_ua,"**–§–æ–Ω –¥–µ—Ä –õ—è—î–Ω –ø—Ä–∏–≤—ñ—Ç–∞–ª–∞ –ø–æ–≥–æ–¥–∂–µ–Ω–Ω—è 17 –ø–∞–∫–µ—Ç–∞ —Å–∞–Ω–∫—Ü—ñ–π –ø—Ä–æ—Ç–∏ —Ä–æ—Å—ñ—ó.**

–ú–∏ —â–µ –±—ñ–ª—å—à–µ –æ–±–º–µ–∂—É—î–º–æ –¥–æ—Å—Ç—É–ø ",—Ñ–æ–Ω –¥–µ—Ä –ª—è—î–Ω –ø—Ä–∏–≤—ñ—Ç–∞–ª–∞ –ø–æ–≥–æ–¥–∂–µ–Ω–Ω—è 17 –ø–∞–∫–µ—Ç–∞ —Å–∞–Ω–∫—Ü—ñ–π –ø—Ä–æ—Ç–∏ —Ä–æ—Å—ñ—ó –º–∏ —â–µ –±—ñ–ª—å—à–µ –æ–±–º–µ–∂—É—î–º–æ –¥–æ—Å—Ç—É–ø –¥–æ –±–æ–π–æ–≤–∏—Ö —Ç–µ—Ö–Ω–æ–ª–æ–≥—ñ–π —Ç–∞–∫–æ–∂ –¥–æ–¥–∞–ª–∏ –¥–æ —Å–ø–∏—Å–∫—É —â–µ 189 —Å—É–¥–µ–Ω —Ç—ñ–Ω—å–æ–≤–æ–≥–æ —Ñ–ª–æ—Ç—É —â–æ–± –≤–¥–∞—Ä–∏—Ç–∏ –ø–æ –µ–Ω–µ—Ä–≥–µ—Ç–∏—á–Ω–æ–º—É –µ–∫—Å–ø–æ—Ä—Ç—É —Ä–æ—Å—ñ—ó –ø–æ–≤—ñ–¥–æ–º–∏–ª–∞ –ø—Ä–µ–∑–∏–¥–µ–Ω—Ç–∫–∞ —î–≤—Ä–æ–∫–æ–º—ñ—Å—ñ—ó –ø—Ä–æ,2025-05-14,-1,-1_—É–∫—Ä–∞—ó–Ω–∞_—Å–∞–Ω–∫—Ü—ñ—è_—Ä–æ—Å—ñ—è–Ω–∏–Ω_—Ä–æ—Å—ñ—è,–ø–æ–ª—ñ—Ç–∏–∫–∞,negative
https://t.me/business_ua,**‚ùóÔ∏è–í –ü–∞—Ä–∏–∂—ñ –Ω–µ–≤—ñ–¥–æ–º—ñ –Ω–∞–º–∞–≥–∞–ª–∏—Å—è –≤–∏–∫—Ä–∞—Å—Ç–∏ 34-—Ö —Ä—ñ—á–Ω—É –¥–æ–Ω—å–∫—É –≥–ª–∞–≤–∏ –∫—Ä–∏–ø—Ç–æ–ø–ª–∞—Ç—Ñ–æ—Ä–º–∏ Paymium –ü'—î—Ä–∞ –ù—É–∞–∑,–ø–∞—Ä–∏–∂—ñ –Ω–µ–≤—ñ–¥–æ–º—ñ –Ω–∞–º–∞–≥–∞–ª–∏—Å—è –≤–∏–∫—Ä–∞—Å—Ç–∏ 34-—Ö —Ä—ñ—á–Ω—É –¥–æ–Ω—å–∫—É –≥–ª–∞–≤–∏ –∫—Ä–∏–ø—Ç–æ–ø–ª–∞—Ç—Ñ–æ—Ä–º–∏ paymium –ø—î—Ä–∞ –Ω—É–∞–∑–∞ —Ä–∞–∑–æ–º —ó—ó 2—Ö-—Ä—ñ—á–Ω–æ—é –¥–∏—Ç–∏–Ω–æ—é –≤–∏–∫—Ä–∞–¥–∞—á–∞–º –∑–∞–≤–∞–¥–∏–ª–∏ —á–æ–ª–æ–≤—ñ–∫ –¥—ñ–≤—á–∏–Ω–∏ —Ç–∞ –ø–µ—Ä–µ—Ö–æ–∂—ñ –ø–æ–≤—ñ–¥–æ–º–ª—è—î—Ç—å—Å—è —â–æ —Ü–µ –≤–∂–µ –ø—è—Ç–∞ —Å–ø—Ä–æ–±–∞ –≤–∏–∫—Ä–∞–¥–µ–Ω–Ω—è –ø–æ–≤—è–∑–∞–Ω–∏—Ö —ñ–∑ –∫—Ä–∏–ø—Ç–æ—é –ª—é–¥–µ–π –º–µ—Ç–æ—é –≤–∏–∫—É–ø—É —Ñ—Ä–∞–Ω—Ü—ñ—ó —Ü—å–æ–≥–æ —Ä–æ–∫—É –ø—Ä–æ,2025-05-14,-1,-1_—É–∫—Ä–∞—ó–Ω–∞_—Å–∞–Ω–∫—Ü—ñ—è_—Ä–æ—Å—ñ—è–Ω–∏–Ω_—Ä–æ—Å—ñ—è,–ø–æ–ª—ñ—Ç–∏–∫–∞,negative
https://t.me/business_ua,"**–Ñ–° —Å—Ö–≤–∞–ª–∏–≤ 17-–π –ø–∞–∫–µ—Ç —Å–∞–Ω–∫—Ü—ñ–π –ø—Ä–æ—Ç–∏ —Ä–æ—Å—ñ—ó ,** ‚Äî AFP.

[–ü—Ä–æ –ë—ñ–∑–Ω–µ—Å](https://t.me/+vUWj6d_8FtgyMmJi)",—î—Å —Å—Ö–≤–∞–ª–∏–≤ 17-–π –ø–∞–∫–µ—Ç —Å–∞–Ω–∫—Ü—ñ–π –ø—Ä–æ—Ç–∏ —Ä–æ—Å—ñ—ó afp –ø—Ä–æ,2025-05-14,-1,-1_—É–∫—Ä–∞—ó–Ω–∞_—Å–∞–Ω–∫—Ü—ñ—è_—Ä–æ—Å—ñ—è–Ω–∏–Ω_—Ä–æ—Å—ñ—è,–ø–æ–ª—ñ—Ç–∏–∫–∞,negative
https://t.me/business_ua,"**–Ñ–° —É–∂–µ –∑ 6 —á–µ—Ä–≤–Ω—è –º–æ–∂–µ –∑–∞–ø—Ä–æ–≤–∞–¥–∏—Ç–∏ –ø—ñ–¥–≤–∏—â–µ–Ω—ñ –º–∏—Ç–∞ –Ω–∞ —É–∫—Ä–∞—ó–Ω—Å—å–∫—ñ —Ç–æ–≤–∞—Ä–∏,** ‚Äî [FT.](https://www.ft.c",—î—Å —É–∂–µ —á–µ—Ä–≤–Ω—è –º–æ–∂–µ –∑–∞–ø—Ä–æ–≤–∞–¥–∏—Ç–∏ –ø—ñ–¥–≤–∏—â–µ–Ω—ñ –º–∏—Ç–∞ –Ω–∞ —É–∫—Ä–∞—ó–Ω—Å—å–∫—ñ —Ç–æ–≤–∞—Ä–∏ –ø—Ä–æ,2025-05-14,-1,-1_—É–∫—Ä–∞—ó–Ω–∞_—Å–∞–Ω–∫—Ü—ñ—è_—Ä–æ—Å—ñ—è–Ω–∏–Ω_—Ä–æ—Å—ñ—è,–ø–æ–ª—ñ—Ç–∏–∫–∞,negative
